Enumeration ID,Enum ordinal,Enum value,Enum value desc
TBL_BEGIN,?,?,?
54,1,PDB,Protein Data Bank
54,2,BMRB,BioMagResBank
54,3,DBJ,enumeration_text
54,4,EMBL,enumeration_text
54,5,GB,enumeration_text
54,6,PIR,enumeration_text
54,7,PRF,enumeration_text
54,8,REF,enumeration_text
54,9,SP,enumeration_text
54,10,UNP,enumeration_text
54,11,NCBI,enumeration_text
54,12,PubMed,NCBI PubMed
54,13,SGD,Saccharomyces Genome Database
54,14,SMART,Simple Modular Architecture Research Tool
54,15,TargetDB,Target registration database
54,16,BMRB(withdrawn),BMRB withdrawn accession code
55,1,X-ray,enumeration_text
55,2,solution NMR,enumeration_text
55,3,solid-state NMR,enumeration_text
55,4,FTIR,enumeration_text
55,5,mass spectrometry,enumeration_text
55,6,XAFS,enumeration_text
55,7,NMR,enumeration_text
55,8,X-ray crystallography,enumeration_text
55,9,X-ray fiber diffraction,enumeration_text
55,10,solid-state NMR and X-ray fiber diffraction,enumeration_text
55,11,na,enumeration_text
57,1,Extremely slow exchange,Components are very tightly bound
57,2,Slow exchange,Would expect to observe separate resonances for the bound and free components of the system.
57,3,Intermediate exchange,May not observe signals from the component or signals may be quite broad.
57,4,Fast exchange,On the NMR time scale$ a single averaged signal will be observed for the components in the bound and free state.
57,5,No interaction,The components exist in the sample but do not interact (i.e.$ a molecule that is exchanging between a native and an unfolded conformation).
57,6,na,not available or equivalent
56,1,IUPAC,enumeration_text
56,2,CAS name,enumeration_text
56,3,CAS registry number,enumeration_text
56,4,BMRB,enumeration_text
56,5,Pfam,enumeration_text
56,6,Swiss-Prot,enumeration_text
56,7,MEROPS,enumeration_text
50,1,peptide,enumeration_text
50,2,protein monomer,enumeration_text
50,3,protein homo-multimer,enumeration_text
50,4,protein hetero-multimer,enumeration_text
50,5,RNA single strand,enumeration_text
50,6,RNA double strand,enumeration_text
50,7,DNA single strand,enumeration_text
50,8,DNA double strand,enumeration_text
50,9,DNA-RNA hybrid,enumeration_text
50,10,polysaccharide,enumeration_text
50,11,protein-nucleic acid complex,enumeration_text
50,12,protein-inhibitor complex,enumeration_text
50,13,protein-drug complex,enumeration_text
50,14,protein-ligand complex,enumeration_text
50,15,protein-protein complex,enumeration_text
50,16,protein-DNA complex,enumeration_text
50,17,protein-DNA-ligand complex,enumeration_text
50,18,protein-DNA-inhibitor complex,enumeration_text
50,19,protein-RNA complex,enumeration_text
50,20,protein-RNA-ligand complex,enumeration_text
50,21,protein-RNA-inhibitor complex,enumeration_text
50,22,protein-carbohydrate complex,enumeration_text
50,23,DNA-drug complex,enumeration_text
50,24,DNA-RNA complex,enumeration_text
50,25,RNA-drug complex,enumeration_text
50,26,non-polymer,enumeration_text
49,1,all disulfide bound,enumeration_text
49,2,all other bound,enumeration_text
49,3,all free,enumeration_text
49,4,not present,Thiols are not present in the system.
49,5,not available,The oxidation state of the thiols could not be extracted from the literature or was not provided by the authors of the entry.
49,6,unknown,The author reported that the oxidation state of the thiols is unknown.
49,7,not reported,enumeration_text
49,8,free and disulfide bound,enumeration_text
49,9,free and other bound,enumeration_text
49,10,free disulfide and other bound,enumeration_text
49,11,disulfide and other bound,enumeration_text
164,1,1,Unique$ not ambiguous
164,2,2,Ambiguity of geminal atoms or geminal groups
164,3,3,Aromatic atoms on opposite sides of the ring (e.g. Tyr HE1 and HE2 protons)
164,4,4,Intraresidue ambiguities (e.g. Lys HG and HD protons)
164,5,5,Interresidue ambiguities (Lys 12 vs. Lys 27)
164,6,6,Chemical shift ambiguity is between atoms that are located on different entities within the molecular assembly
164,7,9,Ambiguous$ but specific ambiguity not defined
263,1,1,Flag indicating that the atom is in an ordered region of the structure.
263,2,0,Flag indicating that the atom is in a poorly ordered region of the structure.
41,1,Preliminary version,enumeration_text
41,2,Nomenclature checked,enumeration_text
41,3,Nomenclature checked and updated,enumeration_text
41,4,Chemical shifts checked,enumeration_text
41,5,Chemical shifts checked and updated,enumeration_text
41,6,Data file replaced,enumeration_text
41,7,Initial release,enumeration_text
230,1,isotropic,enumeration_text
230,2,anisotropic,enumeration_text
230,3,solid,enumeration_text
224,1,R1,enumeration_text
224,2,R2,enumeration_text
224,3,R1rho,enumeration_text
224,4,T1,enumeration_text
224,5,T2,enumeration_text
224,6,T1rho,enumeration_text
224,7,ZQ relaxation,enumeration_text
224,8,longitudinal spin order,enumeration_text
224,9,single quantum antiphase,enumeration_text
224,10,DQ relaxation,enumeration_text
227,1,Iz,R1/T1    longitudinal
227,2,Sz,R1/T1    longitudinal
227,3,(I+)+(I-),R1rho or R2      transverse
227,4,(S+)+(S-),R1rho or R2      transverse
227,5,I+,R1rho or R2      transverse
227,6,I-,R1rho or R2      transverse
227,7,S+,R1rho or R2      transverse
227,8,S-,R1rho or R2      transverse
227,9,(I+S-)+(I-S+),ZQ relaxation
227,10,I-S+,ZQ relaxation
227,11,I+S-,ZQ relaxation
227,12,IzSz,longitudinal spin order
227,13,((I+)+(I-))Sz,single quantum antiphase
227,14,Iz((S+)+(S-)),single quantum antiphase
227,15,I+Sz,single quantum antiphase
227,16,I-Sz,single quantum antiphase
227,17,IzS+,single quantum antiphase
227,18,IzS-,single quantum antiphase
227,19,(I+S+)+(I-S-),DQ relaxation
227,20,I+S+,DQ relaxation
227,21,I-S-,DQ relaxation
228,1,s-1,enumeration_text
228,2,ms-1,enumeration_text
228,3,us-1,enumeration_text
228,4,ns-1,enumeration_text
228,5,ps-1,enumeration_text
228,6,s,enumeration_text
228,7,ms,enumeration_text
228,8,us,enumeration_text
228,9,ns,enumeration_text
228,10,ps,enumeration_text
229,1,s-1,enumeration_text
229,2,ms-1,enumeration_text
229,3,us-1,enumeration_text
225,1,methanol,MeOH
225,2,monoethylene glycol,MEG
225,3,solid,enumeration_text
225,4,KBr adamantane blend,enumeration_text
225,5,Na5[TmDOTP],enumeration_text
225,6,no calibration applied,enumeration_text
226,1,single scan interleaving,enumeration_text
226,2,temperature compensation block,enumeration_text
226,3,single scan interleaving and temperature compensation block,enumeration_text
226,4,no temperature control applied,enumeration_text
254,1,anisotropic,enumeration_text
254,2,isotropic,enumeration_text
278,1,amide,enumeration_text
278,2,covalent,enumeration_text
278,3,directed,enumeration_text
278,4,disulfide,enumeration_text
278,5,ester,enumeration_text
278,6,ether,enumeration_text
278,7,hydrogen,enumeration_text
278,8,metal coordination,enumeration_text
278,9,peptide,enumeration_text
278,10,thioether,enumeration_text
278,11,oxime,enumeration_text
278,12,thioester,enumeration_text
278,13,phosphoester,enumeration_text
278,14,phosphodiester,enumeration_text
278,15,diselenide,enumeration_text
278,16,na,enumeration_text
279,1,sing,single bond
279,2,doub,double bond
279,3,trip,triple bond
279,4,quad,quadruple bond
279,5,arom,aromatic bond
279,6,poly,polymeric bond
279,7,delo,delocalized double bond
279,8,pi,pi bond
279,9,directed,N ->O
52,1,amide,enumeration_text
52,2,covalent,enumeration_text
52,3,directed,N -> O
52,4,disulfide,enumeration_text
52,5,ester,enumeration_text
52,6,ether,enumeration_text
52,7,hydrogen,enumeration_text
52,8,metal coordination,enumeration_text
52,9,peptide,enumeration_text
52,10,thioether,enumeration_text
52,11,oxime,enumeration_text
52,12,thioester,enumeration_text
52,13,phosphoester,enumeration_text
52,14,phosphodiester,enumeration_text
52,15,diselenide,enumeration_text
52,16,na,enumeration_text
53,1,sing,single bond
53,2,doub,double bond
53,3,trip,triple bond
53,4,quad,quadruple bond
53,5,arom,aromatic bond
53,6,poly,polymeric bond
53,7,delo,delocalized double bond
53,8,pi,pi bond
53,9,directed,N ->O
298,1,isotropic,enumeration_text
298,2,anisotropic,enumeration_text
298,3,solid,enumeration_text
97,1,N,atom is not a chiral center
97,2,E,(E)- alkene (German$ entgegen = opposite)
97,3,Z,(Z)- alkene (German$ zusammen = together)
97,4,R,rectus - right handed configuration
97,5,S,sinister - left handed configuration
97,6,pro-R,If substituted for a higher molecular weight entity will make the attached atom an R chiral center
97,7,pro-S,If substituted for a higher molecular weight entity will make the attached atom an S chiral center
98,1,N,atom is not a chiral center
98,2,E,(E)- alkene (German$ entgegen = opposite)
98,3,Z,(Z)- alkene (German$ zusammen = together)
98,4,R,rectus - right handed configuration
98,5,S,sinister - left handed configuration
99,1,main,main chain of an amino acid
99,2,side,side chain of an amino acid
99,3,base,base of a nucleic acid
99,4,phos,phosphate of a nucleic acid
99,5,sugar,sugar of a nucleic acid
99,6,none,not appropriate for this monomer
102,1,E,zusammen for together
102,2,Z,entgegen for opposite
102,3,N,none
100,1,amide,enumeration_text
100,2,covalent,enumeration_text
100,3,directed,enumeration_text
100,4,disulfide,enumeration_text
100,5,ester,enumeration_text
100,6,ether,enumeration_text
100,7,hydrogen,enumeration_text
100,8,metal coordination,enumeration_text
100,9,peptide,enumeration_text
100,10,thioether,enumeration_text
101,1,SING,single bond
101,2,DOUB,double bond
101,3,TRIP,triple bond
101,4,QUAD,quadruple bond
101,5,AROM,aromatic bond
101,6,POLY,polymeric bond
101,7,DELO,delocalized double bond
101,8,PI,pi bond
101,9,DIRECTED,N ->O
89,1,abbreviation,enumeration_text
89,2,name,enumeration_text
89,3,na,not available
103,1,CDDC,enumeration_text
103,2,PDB,PDB ligand library
103,3,PubChem SID,NCBI PubChem substance ID
103,4,PubChem CID,NCBI PubChem chemical ID
103,5,KEGG,Kyoto Encyclopedia of Genes and Genomes
93,1,ACD,Advanced Chemistry Development
93,2,OECHEM,OpenEye OECHEM library
93,3,CACTVS,CACTVS program library
93,4,DAYLIGHT,Daylight program library
93,5,OTHER,Other program or library
93,6,na,not available
92,1,SMILES_CANONICAL,Canonical SMILES descriptor
92,2,SMILES_ISOMERIC,Isomeric SMILES descriptor
92,3,SMILES,SMILES descriptor
92,4,InChI,InChI descriptor
92,5,InChI_MAIN,InChI descriptor- main layer
92,6,InChI_MAIN_FORMULA,InChI descriptor- main layer - chemical formula sub-layer
92,7,InChI_MAIN_CONNECT,InChI descriptor- main layer - atom connection sub-layer
92,8,InChI_MAIN_HATOM,InChI descriptor- main layer - hydrogen atom sub-layer
92,9,InChI_CHARGE,InChI descriptor- charge layer
92,10,InChI_STEREO,InChI descriptor- stereochemical layer
92,11,InChI_ISOTOPE,InChI descriptor- isotopic layer
92,12,InChI_FIXEDH,InChI descriptor- fixed hydrogren layer
92,13,InChI_RECONNECT,InChI descriptor- reconnected layer
95,1,OECHEM,OpenEye OECHEM program
95,2,DAYLIGHT,Daylight program library
95,3,ACD,Advanced Chemistry Development Naming Program
95,4,AUTONOM,Belstein AutoNom Naming Program
95,5,OTHER,Other program or library
94,1,common name,Common chemical name
94,2,systematic name,Systematic chemical name
94,3,CAS Registry number,Chemical Abstracts Registry Number
94,4,PUBCHEM Identifier,PubChem accession number
94,5,PUBCHEM CID,PubChem compound identifier
94,6,PUBCHEM SID,PubChem substance identifier
94,7,MDL Identifier,Molecular Design Limited Identifier
96,1,IUPAC,enumeration_text
96,2,CAS name,enumeration_text
96,3,CAS registry number,enumeration_text
96,4,BMRB,enumeration_text
96,5,One letter code,enumeration_text
96,6,Three letter code,enumeration_text
96,7,Beilstein,enumeration_text
96,8,Lignin abbreviation,enumeration_text
84,1,ALATIS,enumeration_text
84,2,BMRB,enumeration_text
85,1,5+,enumeration_text
85,2,4+,enumeration_text
85,3,3+,enumeration_text
85,4,2+,enumeration_text
85,5,1+,enumeration_text
85,6,0,enumeration_text
85,7,1-,enumeration_text
85,8,2-,enumeration_text
85,9,3-,enumeration_text
85,10,4-,enumeration_text
85,11,5-,enumeration_text
86,1,gif,enumeration_text
86,2,jpeg,enumeration_text
86,3,pdf,enumeration_text
86,4,png,enumeration_text
86,5,ps,enumeration_text
86,6,tiff,enumeration_text
86,7,not applicable,enumeration_text
87,1,EBI,enumeration_text
87,2,MSD,enumeration_text
87,3,PDBE,enumeration_text
87,4,PDBJ,enumeration_text
87,5,RCSB,enumeration_text
81,1,BMRB,enumeration_text
81,2,PDB,enumeration_text
81,3,PubChem,enumeration_text
83,1,REL,Released
83,2,HOLD,On hold until yyyy-mm-dd
83,3,HPUB,On hold until publication
83,4,OBS,Entry has been obsoleted and replaced by another entry
83,5,DEL,Entry has been deleted
82,1,D-PEPTIDE LINKING,enumeration_text
82,2,L-PEPTIDE LINKING,enumeration_text
82,3,D-PEPTIDE NH3 AMINO TERMINUS,enumeration_text
82,4,L-PEPTIDE NH3 AMINO TERMINUS,enumeration_text
82,5,D-PEPTIDE COOH CARBOXY TERMINUS,enumeration_text
82,6,L-PEPTIDE COOH CARBOXY TERMINUS,enumeration_text
82,7,DNA LINKING,enumeration_text
82,8,RNA LINKING,enumeration_text
82,9,L-RNA LINKING,enumeration_text
82,10,L-DNA LINKING,enumeration_text
82,11,DNA OH 5 PRIME TERMINUS,enumeration_text
82,12,RNA OH 5 PRIME TERMINUS,enumeration_text
82,13,DNA OH 3 PRIME TERMINUS,enumeration_text
82,14,RNA OH 3 PRIME TERMINUS,enumeration_text
82,15,D-SACCHARIDE 1$4 AND 1$4 LINKING,enumeration_text
82,16,L-SACCHARIDE 1$4 AND 1$4 LINKING,enumeration_text
82,17,D-SACCHARIDE 1$4 AND 1$6 LINKING,enumeration_text
82,18,L-SACCHARIDE 1$4 AND 1$6 LINKING,enumeration_text
82,19,L-SACCHARIDE,enumeration_text
82,20,D-SACCHARIDE,enumeration_text
82,21,SACCHARIDE,enumeration_text
82,22,NON-POLYMER,enumeration_text
82,23,PEPTIDE LINKING,enumeration_text
82,24,PEPTIDE-LIKE,enumeration_text
82,25,L-GAMMA-PEPTIDE$ C-DELTA LINKING,enumeration_text
82,26,D-GAMMA-PEPTIDE$ C-DELTA LINKING,enumeration_text
82,27,L-BETA-PEPTIDE$ C-GAMMA LINKING,enumeration_text
82,28,D-BETA-PEPTIDE$ C-GAMMA LINKING,enumeration_text
82,29,OTHER,enumeration_text
88,1,Sigma,enumeration_text
88,2,Aldrich,enumeration_text
88,3,Sigma/Aldrich,enumeration_text
187,1,ppm,enumeration_text
187,2,ppb,enumeration_text
161,1,isotropic,enumeration_text
161,2,anisotropic,enumeration_text
186,1,isotropic,enumeration_text
186,2,anisotropic,enumeration_text
186,3,solid,enumeration_text
185,1,macromolecular binding,enumeration_text
185,2,ligand binding,enumeration_text
185,3,ligand fragment binding,enumeration_text
185,4,paramagnetic ligand binding,enumeration_text
185,5,temperature titration,enumeration_text
154,1,methyl carbon,enumeration_text
154,2,methyl carbons,enumeration_text
154,3,methyl protons,enumeration_text
154,4,methylene protons,enumeration_text
154,5,nitrogen,There is only one nitrogen nucleus or all nitrogen nuclei are magnetically equivalent
154,6,phosphorus,There is only one phosphorus nucleus or all phosphorus nuclei are magnetically equivalent.
154,7,protons,There is only one proton nucleus or all proton nuclei are magnetically equivalent
152,1,H,enumeration_text
152,2,C,enumeration_text
152,3,N,enumeration_text
152,4,F,enumeration_text
152,5,P,enumeration_text
152,6,Cd,enumeration_text
155,1,ppm,parts per million
155,2,Hz,Hertz
155,3,MHz,megahertz
155,4,na,not available
160,1,parallel,enumeration_text
160,2,perpendicular,enumeration_text
160,3,magic angle,enumeration_text
160,4,na,enumeration_text
158,1,insert at center of experimental sample tube,enumeration_text
158,2,insert at outer edge of experimental sample tube,enumeration_text
158,3,insert at center of a separate sample tube,enumeration_text
158,4,insert at outer edge of a separate sample tube,enumeration_text
158,5,separate tube (no insert) similar to the experimental sample tube,enumeration_text
158,6,separate tube (no insert) not similar to the experimental sample tube,enumeration_text
158,7,other,enumeration_text
159,1,cylindrical,enumeration_text
159,2,spherical,enumeration_text
159,3,other,enumeration_text
153,1,DSS,H; C; and N methyl protons
153,2,TSP,H; C; and N methyl protons
153,3,water,H protons
153,4,DMSO,H methyl protons
153,5,DMSO-d5,H methyl proton
153,6,DMSO-d6,H methyl deuterons
153,7,methanol,H methyl protons
153,8,TMS,H methyl protons
153,9,acetate,C methyl carbon
153,10,dioxane,C methylene carbons
153,11,ammonium chloride,N ammonium nitrogen
153,12,[15N] ammonium chloride,N ammonium nitrogen
153,13,ammonium hydroxide,N ammonium nitrogen
153,14,ammonium nitrate,N ammonium nitrogen
153,15,[15N] ammonium nitrate,N ammonium nitrogen
153,16,[15N$ 15N] ammonium nitrate,N ammonium nitrogen
153,17,ammonium nitrite,N ammonium nitrogen
153,18,ammonium sulfate,N ammonium nitrogen
153,19,[15N] ammonium sulfate,N ammonium nitrogen
153,20,liquid anhydrous ammonia,N ammonium nitrogen
153,21,formamide,N ammonium nitrogen
153,22,nitric acid,enumeration_text
153,23,[15N] nitric acid,N nitrogen
153,24,nitromethane,N nitro group
153,25,[15N] nitromethane,N nitro group
153,26,urea,N nitrogen
153,27,phosphoric acid,P phosphate
153,28,phosphoric acid (85%),P phosphate
153,29,TMP,P phosphate
153,30,cadmium perchlorate,Cd cadmium
153,31,adamantane,enumeration_text
153,32,DMPC,enumeration_text
153,33,HFIP,enumeration_text
153,34,TFA,enumeration_text
153,35,TFE,enumeration_text
153,36,TFE-d2,enumeration_text
153,37,TMPS,enumeration_text
153,38,TMSPA,enumeration_text
153,39,TSP-d4,enumeration_text
153,40,TSPA,enumeration_text
153,41,borate,enumeration_text
153,42,glucose,enumeration_text
153,43,hexamethylbenzene,enumeration_text
153,44,methyl iodide,enumeration_text
153,45,p-dioxane,enumeration_text
153,46,sodium acetate,enumeration_text
153,47,sodium phosphate,enumeration_text
153,48,suberic acid bis,enumeration_text
153,49,trichlorofluoromethane,enumeration_text
153,50,na,enumeration_text
156,1,internal,enumeration_text
156,2,external,enumeration_text
156,3,na,enumeration_text
157,1,direct,enumeration_text
157,2,indirect,enumeration_text
148,1,no,enumeration_text
148,2,yes,enumeration_text
148,3,yes with IUPAC referencing,enumeration_text
149,1,no,enumeration_text
149,2,yes,enumeration_text
149,3,yes with IUPAC referencing,enumeration_text
150,1,no,enumeration_text
150,2,yes,enumeration_text
151,1,no,enumeration_text
151,2,yes,enumeration_text
151,3,yes with IUPAC referencing,enumeration_text
147,1,no,enumeration_text
147,2,yes,enumeration_text
147,3,yes with IUPAC referencing,enumeration_text
165,1,empirical,enumeration_text
165,2,ab initio,enumeration_text
165,3,semi-empirical,enumeration_text
168,1,1H,enumeration_text
168,2,13C,enumeration_text
168,3,15N,enumeration_text
168,4,31P,enumeration_text
166,1,GIAO,Gauge-Independent Atomic Orbital
166,2,IGLO,enumeration_text
166,3,CSGT,Continuous Set of Gauge Transformations
167,1,B3LYP,enumeration_text
167,2,MP2,enumeration_text
90,1,alcohol,enumeration_text
90,2,aldehyde,enumeration_text
90,3,alkyne,enumeration_text
90,4,alkene,enumeration_text
90,5,alkane,enumeration_text
90,6,amide,enumeration_text
90,7,carboxylic acid,enumeration_text
90,8,ester,enumeration_text
90,9,ether,enumeration_text
90,10,ketone,enumeration_text
90,11,amine,enumeration_text
90,12,nitrile,enumeration_text
90,13,primary amine,enumeration_text
90,14,secondary amine,enumeration_text
90,15,teritary amine,enumeration_text
90,16,thiol,enumeration_text
90,17,three carbon ring,enumeration_text
90,18,four carbon ring,enumeration_text
90,19,five carbon ring,enumeration_text
90,20,six carbon ring,enumeration_text
90,21,seven carbon ring,enumeration_text
90,22,eight carbon ring,enumeration_text
90,23,three member heterocycle,enumeration_text
90,24,four member heterocycle,enumeration_text
90,25,five member heterocycle,enumeration_text
90,26,six member heterocycle,enumeration_text
90,27,seven member heterocycle,enumeration_text
90,28,eight member heterocycle,enumeration_text
90,29,benzyl group,enumeration_text
90,30,phenyl group,enumeration_text
90,31,phenol,enumeration_text
90,32,imidazole,enumeration_text
90,33,beta lactam,enumeration_text
90,34,methyl,enumeration_text
90,35,methylene,enumeration_text
91,1,linkage,enumeration_text
91,2,chemical fragment,enumeration_text
91,3,functional group,enumeration_text
193,1,anisotropic,enumeration_text
193,2,isotropic,enumeration_text
46,1,Sr.,Senior
46,2,Jr.,Junior
46,3,I,First
46,4,II,Second
46,5,III,Third
46,6,IV,Fourth
46,7,V,Fifth
47,1,Sr.,Senior
47,2,Jr.,Junior
47,3,I,First
47,4,II,Second
47,5,III,Third
47,6,IV,Fourth
47,7,V,Fifth
42,1,entry citation,Citation where the reported data are described
42,2,reference citation,Citation used as a reference in the entry
45,1,Not known,enumeration_text
45,2,Arch. Biochem. Biophys.,enumeration_text
45,3,Biochemistry,enumeration_text
45,4,Biochem. Biophys. Res. Commun.,enumeration_text
45,5,Biochem. J.,enumeration_text
45,6,Biochim. Biophys. Acta,enumeration_text
45,7,Biomol. NMR Assignments,enumeration_text
45,8,Biophys. J.,enumeration_text
45,9,Biopolymers,enumeration_text
45,10,Cell,enumeration_text
45,11,EMBO J.,enumeration_text
45,12,Eur. J. Biochem.,enumeration_text
45,13,FEBS Lett.,enumeration_text
45,14,Inorg. Chem.,enumeration_text
45,15,Int. J. Pept. Protein Res.,enumeration_text
45,16,J. Am. Chem. Soc.,enumeration_text
45,17,J. Biochem.,enumeration_text
45,18,J. Biol. Chem.,enumeration_text
45,19,J. Biol. Inorg. Chem.,enumeration_text
45,20,J. Biomol. NMR,enumeration_text
45,21,J. Biomol. Struct. Dyn.,enumeration_text
45,22,J. Inorg. Biochem.,enumeration_text
45,23,J. Magn. Reson.,enumeration_text
45,24,J. Mol. Biol.,enumeration_text
45,25,J. Pept. Res.,enumeration_text
45,26,J. Protein Chem.,enumeration_text
45,27,Mol. Cell,enumeration_text
45,28,Nature,enumeration_text
45,29,Nat. Struct. Biol.,enumeration_text
45,30,Nucleic Acids Res.,enumeration_text
45,31,Proc. Natl. Acad. Sci. U.S.A.,enumeration_text
45,32,Protein Eng.,enumeration_text
45,33,Proteins,enumeration_text
45,34,Protein Sci.,enumeration_text
45,35,Proteins: Struct. Funct. Genet.,enumeration_text
45,36,RNA,enumeration_text
45,37,Science,enumeration_text
45,38,Structure,enumeration_text
45,39,Structure (Cambridge$ MA$ U.S.),enumeration_text
45,40,Acc. Chem. Res.,enumeration_text
45,41,ACS Symp. Ser.,enumeration_text
45,42,Acta Biochim. Pol.,enumeration_text
45,43,Acta Chim. Slov.,enumeration_text
45,44,"Acta Crystallogr., Sect. A: Found. Crystallogr.",enumeration_text
45,45,"Acta Crystallogr., Sect. B: Struct. Sci.",enumeration_text
45,46,"Acta Crystallogr., Sect. C: Cryst. Struct. Commun.",enumeration_text
45,47,"Acta Crystallogr., Sect. D: Biol. Crystallogr.",enumeration_text
45,48,"Acta Crystallogr., Sect. E: Struct. Rep. Online",enumeration_text
45,49,Acta Hydrochim. Hydrobiol.,enumeration_text
45,50,Acta Mater.,enumeration_text
45,51,"Acta Pharm. (Zagreb, Croatia)",enumeration_text
45,52,Acta Pharmacol. Sin.,enumeration_text
45,53,"Acta Phys. Pol., A",enumeration_text
45,54,"Acta Phys. Pol., B",enumeration_text
45,55,Acta Physiol. Scand.,enumeration_text
45,56,Adsorption,enumeration_text
45,57,Adsorpt. Sci. Technol.,enumeration_text
45,58,Adv. Drug Delivery Rev.,enumeration_text
45,59,Adv. Funct. Mater.,enumeration_text
45,60,"Adv. Mater. (Weinheim, Ger.)",enumeration_text
45,61,Adv. Synth. Catal.,enumeration_text
45,62,"Adv. At., Mol., Opt. Phys.",enumeration_text
45,63,Adv. Chem. Phys.,enumeration_text
45,64,"Adv. Chromatogr. (N. Y., NY, U. S.)",enumeration_text
45,65,Adv. Colloid Interface Sci.,enumeration_text
45,66,Adv. Electrochem. Sci. Eng.,enumeration_text
45,67,Adv. Inorg. Chem.,enumeration_text
45,68,Adv. Polym. Sci.,enumeration_text
45,69,Adv. Polym. Technol.,enumeration_text
45,70,Adv. Quantum Chem.,enumeration_text
45,71,Adv. X-Ray Anal.,enumeration_text
45,72,Aerosol Sci. Technol.,enumeration_text
45,73,Afinidad,enumeration_text
45,74,AIChE J.,enumeration_text
45,75,Alum. Trans.,enumeration_text
45,76,Am. Ceram. Soc. Bull.,enumeration_text
45,77,Am. J. Clin. Nutr.,enumeration_text
45,78,Am. J. Hum. Genet.,enumeration_text
45,79,Am. J. Physiol.,enumeration_text
45,80,Am. J. Respir. Cell Mol. Biol.,enumeration_text
45,81,Am. Mineral.,enumeration_text
45,82,Amino Acids,enumeration_text
45,83,"Analyst (Cambridge, U. K.)",enumeration_text
45,84,Anal. Chim. Acta,enumeration_text
45,85,Anal. Bioanal. Chem.,enumeration_text
45,86,Anal. Biochem.,enumeration_text
45,87,Anal. Chem.,enumeration_text
45,88,Anal. Lett.,enumeration_text
45,89,Anal. Sci.,enumeration_text
45,90,"Angew. Chem., Int. Ed.",enumeration_text
45,91,Anim. Welfare,enumeration_text
45,92,Anim. Welfare Inf. Cent. Bull.,enumeration_text
45,93,"Ann. Chim. (Paris, Fr.)",enumeration_text
45,94,Ann. Pharm. Fr.,enumeration_text
45,95,"Ann. Chim. (Rome, Italy)",enumeration_text
45,96,Ann. Nucl. Energy,enumeration_text
45,97,Ann. Nutr. Metab.,enumeration_text
45,98,"Ann. Phys. (San Diego, CA, U. S.)",enumeration_text
45,99,Annu. Rep. Med. Chem.,enumeration_text
45,100,Annu. Rep. NMR Spectrosc.,enumeration_text
45,101,"Annu. Rep. Prog. Chem., Sect. A: Inorg. Chem.",enumeration_text
45,102,"Annu. Rep. Prog. Chem., Sect. B: Org. Chem.",enumeration_text
45,103,"Annu. Rep. Prog. Chem., Sect. C: Phys. Chem.",enumeration_text
45,104,Annu. Rev. Biochem.,enumeration_text
45,105,Annu. Rev. Biomed. Eng.,enumeration_text
45,106,Annu. Rev. Biophys. Biomol. Struct.,enumeration_text
45,107,Annu. Rev. Cell Dev. Biol.,enumeration_text
45,108,Annu. Rev. Earth Planet. Sci.,enumeration_text
45,109,Annu. Rev. Entomol.,enumeration_text
45,110,Annu. Rev. Genet.,enumeration_text
45,111,Annu. Rev. Genomics Hum. Genet.,enumeration_text
45,112,Annu. Rev. Immunol.,enumeration_text
45,113,Annu. Rev. Mater. Res.,enumeration_text
45,114,Annu. Rev. Med.,enumeration_text
45,115,Annu. Rev. Microbiol.,enumeration_text
45,116,Annu. Rev. Neurosci.,enumeration_text
45,117,Annu. Rev. Nucl. Part. Sci.,enumeration_text
45,118,Annu. Rev. Nutr.,enumeration_text
45,119,Annu. Rev. Pharmacol. Toxicol.,enumeration_text
45,120,Annu. Rev. Phys. Chem.,enumeration_text
45,121,Annu. Rev. Physiol.,enumeration_text
45,122,Annu. Rev. Phytopathol.,enumeration_text
45,123,Annu. Rev. Plant Biol.,enumeration_text
45,124,Anti-Cancer Drug Des.,enumeration_text
45,125,Anti-Cancer Drugs,enumeration_text
45,126,Antibiot. Khimioter.,enumeration_text
45,127,Antimicrob. Agents Chemother.,enumeration_text
45,128,Antioxid. Redox Signaling,enumeration_text
45,129,Antisense Nucleic Acid Drug Dev.,enumeration_text
45,130,Antiviral Chem. Chemother.,enumeration_text
45,131,Antiviral Res.,enumeration_text
45,132,Appl. Environ. Microbiol.,enumeration_text
45,133,Appl. Biochem. Biotechnol.,enumeration_text
45,134,Appl. Biochem. Microbiol.,enumeration_text
45,135,"Appl. Catal., A",enumeration_text
45,136,"Appl. Catal., B",enumeration_text
45,137,Appl. Clay Sci.,enumeration_text
45,138,Appl. Geochem.,enumeration_text
45,139,Appl. Microbiol. Biotechnol.,enumeration_text
45,140,Appl. Organomet. Chem.,enumeration_text
45,141,Appl. Phys. A: Mater. Sci. Process.,enumeration_text
45,142,Appl. Phys. B: Lasers Opt.,enumeration_text
45,143,Appl. Phys. Lett.,enumeration_text
45,144,Appl. Radiat. Isot.,enumeration_text
45,145,Appl. Spectrosc.,enumeration_text
45,146,Appl. Surf. Sci.,enumeration_text
45,147,Aquat. Toxicol.,enumeration_text
45,148,Archaea,enumeration_text
45,149,"Arch. Pharm. (Weinheim, Ger.)",enumeration_text
45,150,Arch. Environ. Contam. Toxicol.,enumeration_text
45,151,Arch. Insect Biochem. Physiol.,enumeration_text
45,152,Arch. Microbiol.,enumeration_text
45,153,Arch. Pharmacal Res.,enumeration_text
45,154,Arch. Physiol. Biochem.,enumeration_text
45,155,Arch. Toxicol.,enumeration_text
45,156,Arch. Virol.,enumeration_text
45,157,Arch. Combust.,enumeration_text
45,158,"Arterioscler., Thromb., Vasc. Biol.",enumeration_text
45,159,Arzneim.-Forsch.,enumeration_text
45,160,Asian J. Chem.,enumeration_text
45,161,Assay Drug Dev. Technol.,enumeration_text
45,162,"Atherosclerosis (Shannon, Irel.)",enumeration_text
45,163,"ATLA, Altern. Lab. Anim.",enumeration_text
45,164,Atmos. Environ.,enumeration_text
45,165,"At. Energy (N. Y., NY, U. S.)",enumeration_text
45,166,At. Spectrosc.,enumeration_text
45,167,Aust. J. Chem.,enumeration_text
45,168,Auton. Autacoid Pharmacol.,enumeration_text
45,169,Azerb. Khim. Zh.,enumeration_text
45,170,Biocatal. Biotransform.,enumeration_text
45,171,Biochem. Genet.,enumeration_text
45,172,Biochem. Pharmacol.,enumeration_text
45,173,Biochem. Soc. Trans.,enumeration_text
45,174,Biochem. Syst. Ecol.,enumeration_text
45,175,"Biochemistry (Moscow, Russ. Fed.)",enumeration_text
45,176,Biochem. Cell Biol.,enumeration_text
45,177,Biochimie,enumeration_text
45,178,Bioconjugate Chem.,enumeration_text
45,179,Bioelectrochemistry,enumeration_text
45,180,BioFactors,enumeration_text
45,181,Biofizika,enumeration_text
45,182,Biog. Amines,enumeration_text
45,183,Bioinformatics,enumeration_text
45,184,Biol. Pharm. Bull.,enumeration_text
45,185,Biol. Chem.,enumeration_text
45,186,Biol. Trace Elem. Res.,enumeration_text
45,187,Biol. Membr.,enumeration_text
45,188,Biol. Reprod.,enumeration_text
45,189,Biomacromolecules,enumeration_text
45,190,Biomarkers,enumeration_text
45,191,Biomaterials,enumeration_text
45,192,Biomed. Chromatogr.,enumeration_text
45,193,Biomed. Res.,enumeration_text
45,194,BioMetals,enumeration_text
45,195,Biomol. Eng.,enumeration_text
45,196,Bioorg. Med. Chem.,enumeration_text
45,197,Bioorg. Med. Chem. Lett.,enumeration_text
45,198,Bioorg. Chem.,enumeration_text
45,199,Biopharm. Drug Dispos.,enumeration_text
45,200,Biophys. Chem.,enumeration_text
45,201,Bioprocess Biosyst. Eng.,enumeration_text
45,202,Bioresour. Technol.,enumeration_text
45,203,Biosci. Rep.,enumeration_text
45,204,"Biosci., Biotechnol., Biochem.",enumeration_text
45,205,Biosens. Bioelectron.,enumeration_text
45,206,Bioseparation,enumeration_text
45,207,BioTechniques,enumeration_text
45,208,Biotechnol. Appl. Biochem.,enumeration_text
45,209,Biotechnol. Bioeng.,enumeration_text
45,210,Biotechnol. Bioprocess Eng.,enumeration_text
45,211,Biotechnol. Lett.,enumeration_text
45,212,Biotechnol. Prog.,enumeration_text
45,213,"Birth Defects Res., Part A",enumeration_text
45,214,Bitamin,enumeration_text
45,215,Blood,enumeration_text
45,216,Bol. Soc. Chil. Quim.,enumeration_text
45,217,Bol. Soc. Quim. Peru,enumeration_text
45,218,Bopuxue Zazhi,enumeration_text
45,219,Brain Res.,enumeration_text
45,220,Br. Ceram. Trans.,enumeration_text
45,221,Br. Corros. J.,enumeration_text
45,222,Br. J. Nutr.,enumeration_text
45,223,Br. J. Pharmacol.,enumeration_text
45,224,Bulg. Chem. Commun.,enumeration_text
45,225,Bull. Electrochem.,enumeration_text
45,226,Bull. Environ. Contam. Toxicol.,enumeration_text
45,227,Bull. Mater. Sci.,enumeration_text
45,228,Bull. Chem. Soc. Jpn.,enumeration_text
45,229,Bull. Korean Chem. Soc.,enumeration_text
45,230,"Bull. Pol. Acad. Sci., Chem.",enumeration_text
45,231,Bunseki Kagaku,enumeration_text
45,232,Cailiao Rechuli Xuebao,enumeration_text
45,233,Calcif. Tissue Int.,enumeration_text
45,234,CALPHAD: Comput. Coupling Phase Diagrams Thermochem.,enumeration_text
45,235,Can. J. Anal. Sci. Spectrosc.,enumeration_text
45,236,Can. J. Chem. Eng.,enumeration_text
45,237,Can. J. Chem.,enumeration_text
45,238,Can. J. Microbiol.,enumeration_text
45,239,Can. J. Phys.,enumeration_text
45,240,Can. J. Physiol. Pharmacol.,enumeration_text
45,241,Can. Metall. Q.,enumeration_text
45,242,Can. Mineral.,enumeration_text
45,243,Cancer Cell,enumeration_text
45,244,Cancer Gene Ther.,enumeration_text
45,245,"Cancer Lett. (Shannon, Irel.)",enumeration_text
45,246,Cancer Res.,enumeration_text
45,247,Carbohydr. Polym.,enumeration_text
45,248,Carbohydr. Res.,enumeration_text
45,249,Carbon,enumeration_text
45,250,Carcinogenesis,enumeration_text
45,251,Cardiovasc. Res.,enumeration_text
45,252,Catal. Commun.,enumeration_text
45,253,Catal. Lett.,enumeration_text
45,254,Catal. Rev. - Sci. Eng.,enumeration_text
45,255,Catal. Today,enumeration_text
45,256,"Cell (Cambridge, MA, U. S.)",enumeration_text
45,257,Cell Biochem. Biophys.,enumeration_text
45,258,Cell Biochem. Funct.,enumeration_text
45,259,Cell Calcium,enumeration_text
45,260,Cell Cycle,enumeration_text
45,261,"Cell. Mol. Biol. (Paris, Fr., Online)",enumeration_text
45,262,"Cell. Mol. Biol. (Paris, Fr., Print)",enumeration_text
45,263,Cell. Mol. Life Sci.,enumeration_text
45,264,Cell. Immunol.,enumeration_text
45,265,Cell. Microbiol.,enumeration_text
45,266,Cell. Physiol. Biochem.,enumeration_text
45,267,Cell. Polym.,enumeration_text
45,268,Cellul. Chem. Technol.,enumeration_text
45,269,Cem. Concr. Compos.,enumeration_text
45,270,Cem. Concr. Res.,enumeration_text
45,271,Ceram. Int.,enumeration_text
45,272,Ceram.-Silik.,enumeration_text
45,273,Cereal Chem.,enumeration_text
45,274,Ceska Slov. Farm.,enumeration_text
45,275,ChemBioChem,enumeration_text
45,276,"Chem. Anal. (Warsaw, Pol.)",enumeration_text
45,277,Chem. Pharm. Bull.,enumeration_text
45,278,Chem. Biochem. Eng. Q.,enumeration_text
45,279,"Chem. Commun. (Cambridge, U. K.)",enumeration_text
45,280,Chem. Eng. Technol.,enumeration_text
45,281,Chem. Eng. Process.,enumeration_text
45,282,Chem. Eng. Commun.,enumeration_text
45,283,"Chem. Eng. J. (Amsterdam, Neth.)",enumeration_text
45,284,Chem. Eng. Prog.,enumeration_text
45,285,Chem. Eng. Res. Des.,enumeration_text
45,286,Chem. Eng. Sci.,enumeration_text
45,287,Chem. Geol.,enumeration_text
45,288,Chem. Pap.,enumeration_text
45,289,Chem. Phys.,enumeration_text
45,290,Chem. Phys. Lett.,enumeration_text
45,291,Chem. Rec.,enumeration_text
45,292,Chem. Res. Chin. Univ.,enumeration_text
45,293,Chem. Res. Toxicol.,enumeration_text
45,294,"Chem. Rev. (Washington, DC, U. S.)",enumeration_text
45,295,Chem. Soc. Rev.,enumeration_text
45,296,Chem. Speciation Bioavailability,enumeration_text
45,297,Chem. Vap. Deposition,enumeration_text
45,298,Chem. Listy,enumeration_text
45,299,Chem.-Biol. Interact.,enumeration_text
45,300,Chem. Erde,enumeration_text
45,301,Chem. Ing. Tech.,enumeration_text
45,302,Chemija,enumeration_text
45,303,"Chem. Tech. (Leipzig, Ger.)",enumeration_text
45,304,Chem. Biol.,enumeration_text
45,305,"Chem. Ind. (London, U. K.)",enumeration_text
45,306,Chem. Phys. Lipids,enumeration_text
45,307,Chem. Technol. Fuels Oils,enumeration_text
45,308,Chem. Lett.,enumeration_text
45,309,"Chem. Heterocycl. Compd. (N. Y., NY, U. S.)",enumeration_text
45,310,Chem. Mater.,enumeration_text
45,311,Chem. Nat. Compd.,enumeration_text
45,312,Chem.--Eur. J.,enumeration_text
45,313,Chemom. Intell. Lab. Syst.,enumeration_text
45,314,Chemosphere,enumeration_text
45,315,"Chemotherapy (Basel, Switz.)",enumeration_text
45,316,ChemPhysChem,enumeration_text
45,317,Chemtracts,enumeration_text
45,318,Chimia,enumeration_text
45,319,"Chim. Ind. (Milan, Italy)",enumeration_text
45,320,Chin. Chem. Lett.,enumeration_text
45,321,Chin. J. Chem. Eng.,enumeration_text
45,322,Chin. J. Chem.,enumeration_text
45,323,Chin. J. Geochem.,enumeration_text
45,324,Chin. J. Polym. Sci.,enumeration_text
45,325,Chirality,enumeration_text
45,326,Chromatographia,enumeration_text
45,327,Chromosome Res.,enumeration_text
45,328,Circ. Res.,enumeration_text
45,329,Clay Miner.,enumeration_text
45,330,Clays Clay Miner.,enumeration_text
45,331,Clin. Chim. Acta,enumeration_text
45,332,Clin. Exp. Pharmacol. Physiol.,enumeration_text
45,333,"Clin. Chem. (Washington, DC, U. S.)",enumeration_text
45,334,Clin. Chem. Lab. Med.,enumeration_text
45,335,"Clin. Immunol. (San Diego, CA, U. S.)",enumeration_text
45,336,Cloning Stem Cells,enumeration_text
45,337,"Coal Prep. (London, U. K.)",enumeration_text
45,338,Collect. Czech. Chem. Commun.,enumeration_text
45,339,Colloid Polym. Sci.,enumeration_text
45,340,Colloid J.,enumeration_text
45,341,"Colloids Surf., A",enumeration_text
45,342,"Colloids Surf., B",enumeration_text
45,343,Color. Technol.,enumeration_text
45,344,Comb. Chem. High Throughput Screening,enumeration_text
45,345,Combust. Flame,enumeration_text
45,346,Combust. Sci. Technol.,enumeration_text
45,347,Comments Inorg. Chem.,enumeration_text
45,348,Commun. Soil Sci. Plant Anal.,enumeration_text
45,349,Comp. Funct. Genomics,enumeration_text
45,350,"Comp. Biochem. Physiol., Part A: Mol. Integr. Physiol.",enumeration_text
45,351,"Comp. Biochem. Physiol., Part B: Biochem. Mol. Biol.",enumeration_text
45,352,"Comp. Biochem. Physiol., Part C: Toxicol. Pharmacol.",enumeration_text
45,353,Comp. Med.,enumeration_text
45,354,C. R. Chim.,enumeration_text
45,355,C. R. Phys.,enumeration_text
45,356,Comput. Phys. Commun.,enumeration_text
45,357,Comput. Chem. Eng.,enumeration_text
45,358,"Comput. Chem. (Oxford, U. K.)",enumeration_text
45,359,Comun. Jorn. Com. Esp. Deterg.,enumeration_text
45,360,Contemp. Top. Lab. Anim. Sci.,enumeration_text
45,361,Contrib. Mineral. Petrol.,enumeration_text
45,362,Coord. Chem. Rev.,enumeration_text
45,363,"Corrosion (Houston, TX, U. S.)",enumeration_text
45,364,Corros. Rev.,enumeration_text
45,365,Corros. Sci.,enumeration_text
45,366,Crit. Rev. Anal. Chem.,enumeration_text
45,367,Crit. Rev. Solid State Mater. Sci.,enumeration_text
45,368,Croat. Chem. Acta,enumeration_text
45,369,Cryogenics,enumeration_text
45,370,Cryst. Eng.,enumeration_text
45,371,Cryst. Growth Des.,enumeration_text
45,372,Cryst. Res. Technol.,enumeration_text
45,373,Crystallogr. Rep.,enumeration_text
45,374,Cuihua Xuebao,enumeration_text
45,375,Curr. Biol.,enumeration_text
45,376,Curr. Cancer Drug Targets,enumeration_text
45,377,Curr. Drug Metab.,enumeration_text
45,378,Curr. Drug Targets,enumeration_text
45,379,Curr. Drug Targets: Cardiovasc. & Haematol. Disord.,enumeration_text
45,380,Curr. Drug Targets: CNS Neurol. Disord.,enumeration_text
45,381,"Curr. Drug Targets: Immune, Endocr. Metab. Disord.",enumeration_text
45,382,Curr. Drug Targets: Infect. Disord.,enumeration_text
45,383,Curr. Drug Targets: Inflammation Allergy,enumeration_text
45,384,Curr. Gene Ther.,enumeration_text
45,385,Curr. Genet.,enumeration_text
45,386,Curr. Genomics,enumeration_text
45,387,Curr. HIV Res.,enumeration_text
45,388,Curr. Med. Chem.,enumeration_text
45,389,Curr. Med. Chem.: Anti-Cancer Agents,enumeration_text
45,390,Curr. Med. Chem.: Anti-Infect. Agents,enumeration_text
45,391,Curr. Med. Chem.: Anti-Inflammatory Anti-Allergy Agents,enumeration_text
45,392,Curr. Med. Chem.: Cent. Nerv. Syst. Agents,enumeration_text
45,393,"Curr. Med. Chem.: Immunol., Endocr. Metab. Agents",enumeration_text
45,394,Curr. Microbiol.,enumeration_text
45,395,Curr. Mol. Med.,enumeration_text
45,396,Curr. Opin. Biotechnol.,enumeration_text
45,397,Curr. Opin. Cell Biol.,enumeration_text
45,398,Curr. Opin. Chem. Biol.,enumeration_text
45,399,Curr. Opin. Colloid Interface Sci.,enumeration_text
45,400,Curr. Opin. Drug Discovery Dev.,enumeration_text
45,401,Curr. Opin. Genet. Dev.,enumeration_text
45,402,Curr. Opin. Immunol.,enumeration_text
45,403,Curr. Opin. Lipidol.,enumeration_text
45,404,Curr. Opin. Neurobiol.,enumeration_text
45,405,Curr. Opin. Pharmacol.,enumeration_text
45,406,Curr. Opin. Struct. Biol.,enumeration_text
45,407,Curr. Org. Chem.,enumeration_text
45,408,Curr. Pharm. Biotechnol.,enumeration_text
45,409,Curr. Pharm. Des.,enumeration_text
45,410,Curr. Protein Pept. Sci.,enumeration_text
45,411,Curr. Sep.,enumeration_text
45,412,"Curr. Top. Med. Chem. (Sharjah, United Arab Emirates)",enumeration_text
45,413,Curr. Vasc. Pharmacol.,enumeration_text
45,414,Cytokine Growth Factor Rev.,enumeration_text
45,415,Cytokine+,enumeration_text
45,416,Dalton Trans.,enumeration_text
45,417,Desalination,enumeration_text
45,418,Des. Monomers Polym.,enumeration_text
45,419,"Development (Cambridge, U. K.)",enumeration_text
45,420,"Dev. Biol. (Orlando, FL, U. S.)",enumeration_text
45,421,Dev. Brain Res.,enumeration_text
45,422,Dev. Cell,enumeration_text
45,423,"Dev. Neurosci. (Basel, Switz.)",enumeration_text
45,424,"Dev. Biol. (Basel, Switz.)",enumeration_text
45,425,Diabetes,enumeration_text
45,426,Diamond Relat. Mater.,enumeration_text
45,427,Dianhuaxue,enumeration_text
45,428,"Diffus. Defect Data, Pt. A",enumeration_text
45,429,"Diffus. Defect Data, Pt. B",enumeration_text
45,430,Diqiu Huaxue,enumeration_text
45,431,DNA Cell Biol.,enumeration_text
45,432,DNA Repair,enumeration_text
45,433,DNA Res.,enumeration_text
45,434,DNA Sequence,enumeration_text
45,435,Dokl. Biochem. Biophys.,enumeration_text
45,436,Dokl. Chem.,enumeration_text
45,437,Dokl. Earth Sci.,enumeration_text
45,438,Dokl. Phys. Chem.,enumeration_text
45,439,Dokl. Phys.,enumeration_text
45,440,Dopov. Nats. Akad. Nauk Ukr.,enumeration_text
45,441,Drug Chem. Toxicol.,enumeration_text
45,442,Drug Delivery,enumeration_text
45,443,Drug Des. Discovery,enumeration_text
45,444,Drug Dev. Ind. Pharm.,enumeration_text
45,445,Drug Dev. Res.,enumeration_text
45,446,Drug Metab. Dispos.,enumeration_text
45,447,Drug Metab. Drug Interact.,enumeration_text
45,448,Drug Metab. Pharmacokinet.,enumeration_text
45,449,Dyes Pigm.,enumeration_text
45,450,Earth Planet. Sci. Lett.,enumeration_text
45,451,Econ. Geol.,enumeration_text
45,452,Ecotoxicol. Environ. Saf.,enumeration_text
45,453,Ekotekhnol. Resursosberezhenie,enumeration_text
45,454,Eksp. Klin. Farmakol.,enumeration_text
45,455,Electroanalysis,enumeration_text
45,456,Electrochem. Solid-State Lett.,enumeration_text
45,457,Electrochem. Soc. Interface,enumeration_text
45,458,"Electrochemistry (Tokyo, Jpn.)",enumeration_text
45,459,Electrochem. Commun.,enumeration_text
45,460,Electrochim. Acta,enumeration_text
45,461,Electrophoresis,enumeration_text
45,462,EMBO Rep.,enumeration_text
45,463,Enantiomer,enumeration_text
45,464,Endocrine,enumeration_text
45,465,Endocrinology,enumeration_text
45,466,Energy Fuels,enumeration_text
45,467,Eng. Life Sci.,enumeration_text
45,468,Environ. Prot. Eng.,enumeration_text
45,469,Environ. Mol. Mutagen.,enumeration_text
45,470,Environ. Eng. Sci.,enumeration_text
45,471,Environ. Geochem. Health,enumeration_text
45,472,"Environ. Pollut. (Oxford, U. K.)",enumeration_text
45,473,Environ. Prog.,enumeration_text
45,474,Environ. Res.,enumeration_text
45,475,Environ. Sci. Technol.,enumeration_text
45,476,Environ. Technol.,enumeration_text
45,477,Environ. Toxicol.,enumeration_text
45,478,Environ. Toxicol. Chem.,enumeration_text
45,479,Environ. Toxicol. Pharmacol.,enumeration_text
45,480,Enzyme Microb. Technol.,enumeration_text
45,481,"Erdoel, Erdgas, Kohle",enumeration_text
45,482,Eukaryotic Cell,enumeration_text
45,483,Eur. Cytokine Network,enumeration_text
45,484,Eur. Food Res. Technol.,enumeration_text
45,485,Eur. J. Drug Metab. Pharmacokinet.,enumeration_text
45,486,Eur. J. Endocrinol.,enumeration_text
45,487,Eur. J. Immunol.,enumeration_text
45,488,Eur. J. Inorg. Chem.,enumeration_text
45,489,Eur. J. Lipid Sci. Technol.,enumeration_text
45,490,Eur. J. Mass Spectrom.,enumeration_text
45,491,Eur. J. Med. Chem.,enumeration_text
45,492,Eur. J. Mineral.,enumeration_text
45,493,Eur. J. Org. Chem.,enumeration_text
45,494,Eur. J. Pharm. Sci.,enumeration_text
45,495,Eur. J. Pharmacol.,enumeration_text
45,496,Eur. Neuropsychopharmacol.,enumeration_text
45,497,Eur. Phys. J. A,enumeration_text
45,498,Eur. Phys. J. B,enumeration_text
45,499,Eur. Phys. J. C,enumeration_text
45,500,Eur. Phys. J. D,enumeration_text
45,501,Eur. Phys. J. E,enumeration_text
45,502,Eur. Polym. J.,enumeration_text
45,503,Europhys. Lett.,enumeration_text
45,504,Exp. Clin. Endocrinol. Diabetes,enumeration_text
45,505,Exp. Mol. Med.,enumeration_text
45,506,Exp. Mol. Pathol.,enumeration_text
45,507,Exp. Anim.,enumeration_text
45,508,"Exp. Biol. Med. (Maywood, NJ, U. S.)",enumeration_text
45,509,Exp. Cell Res.,enumeration_text
45,510,Exp. Eye Res.,enumeration_text
45,511,Expert Opin. Invest. Drugs,enumeration_text
45,512,Expert Opin. Ther. Pat.,enumeration_text
45,513,Faraday Discuss.,enumeration_text
45,514,Farmaco,enumeration_text
45,515,FASEB J.,enumeration_text
45,516,FEMS Immunol. Med. Microbiol.,enumeration_text
45,517,FEMS Microbiol. Ecol.,enumeration_text
45,518,FEMS Microbiol. Lett.,enumeration_text
45,519,FEMS Microbiol. Rev.,enumeration_text
45,520,FEMS Yeast Res.,enumeration_text
45,521,Fenxi Huaxue,enumeration_text
45,522,Fenzi Cuihua,enumeration_text
45,523,Ferroelectrics,enumeration_text
45,524,"Ferroelectr., Lett. Sect.",enumeration_text
45,525,Fibre Chem.,enumeration_text
45,526,Fire Mater.,enumeration_text
45,527,Fish Physiol. Biochem.,enumeration_text
45,528,Fish. Sci.,enumeration_text
45,529,Fiz. Goreniya Vzryva,enumeration_text
45,530,Fiz. Khim. Obrab. Mater.,enumeration_text
45,531,Fiz. Met. Metalloved.,enumeration_text
45,532,Fiziol. Akt. Rechovini,enumeration_text
45,533,Fluid Phase Equilib.,enumeration_text
45,534,"Folia Microbiol. (Prague, Czech Repub.)",enumeration_text
45,535,Food Addit. Contam.,enumeration_text
45,536,Food Chem. Toxicol.,enumeration_text
45,537,Food Chem.,enumeration_text
45,538,Food Hydrocolloids,enumeration_text
45,539,Free Radical Biol. Med.,enumeration_text
45,540,Free Radical Res.,enumeration_text
45,541,Fresenius Environ. Bull.,enumeration_text
45,542,Fuel,enumeration_text
45,543,"Fuel Cells (Weinheim, Ger.)",enumeration_text
45,544,Fuel Process. Technol.,enumeration_text
45,545,"Fullerenes, Nanotubes, Carbon Nanostruct.",enumeration_text
45,546,Funct. Integr. Genomics,enumeration_text
45,547,Fundam. Clin. Pharmacol.,enumeration_text
45,548,Funtai oyobi Funmatsu Yakin,enumeration_text
45,549,Fusion Eng. Des.,enumeration_text
45,550,Fusion Sci. Technol.,enumeration_text
45,551,Ganguang Kexue Yu Guang Huaxue,enumeration_text
45,552,Gaodeng Xuexiao Huaxue Xuebao,enumeration_text
45,553,Gaofenzi Cailiao Kexue Yu Gongcheng,enumeration_text
45,554,Gaofenzi Xuebao,enumeration_text
45,555,Gaoneng Wuli Yu Hewuli,enumeration_text
45,556,Gaoxiao Huaxue Gongcheng Xuebao,enumeration_text
45,557,Gene,enumeration_text
45,558,Gene Expression Patterns,enumeration_text
45,559,Gene Ther.,enumeration_text
45,560,Gene Ther. Regul.,enumeration_text
45,561,Gen. Comp. Endocrinol.,enumeration_text
45,562,Genes Dev.,enumeration_text
45,563,Genes Cells,enumeration_text
45,564,Genome Lett.,enumeration_text
45,565,Genome Res.,enumeration_text
45,566,Genomics,enumeration_text
45,567,Geochem. J.,enumeration_text
45,568,Geochim. Cosmochim. Acta,enumeration_text
45,569,Geokhimiya,enumeration_text
45,570,Glass Phys. Chem.,enumeration_text
45,571,"Glass Sci. Technol. (Frankfurt/Main, Ger.)",enumeration_text
45,572,Glass Technol.,enumeration_text
45,573,Global Biogeochem. Cycles,enumeration_text
45,574,Glycobiology,enumeration_text
45,575,Glycoconjugate J.,enumeration_text
45,576,Gongneng Gaofenzi Xuebao,enumeration_text
45,577,Ground Water,enumeration_text
45,578,Growth Factors,enumeration_text
45,579,Guangpuxue Yu Guangpu Fenxi,enumeration_text
45,580,Guijinshu,enumeration_text
45,581,Guisuanyan Xuebao,enumeration_text
45,582,Guocheng Gongcheng Xuebao,enumeration_text
45,583,Han'guk Seramik Hakhoechi (2000-2002),enumeration_text
45,584,Health Phys.,enumeration_text
45,585,Heat Transfer Eng.,enumeration_text
45,586,Hecheng Xiangjiao Gongye,enumeration_text
45,587,Helv. Chim. Acta,enumeration_text
45,588,Hemoglobin,enumeration_text
45,589,Heteroat. Chem.,enumeration_text
45,590,Heterocycles,enumeration_text
45,591,Heterocycl. Commun.,enumeration_text
45,592,High Energy Chem.,enumeration_text
45,593,High Perform. Polym.,enumeration_text
45,594,High Temp.,enumeration_text
45,595,"High Temp. Mater. Processes (London, U. K.)",enumeration_text
45,596,High Temp. - High Pressures,enumeration_text
45,597,Histochem. Cell Biol.,enumeration_text
45,598,Holzforschung,enumeration_text
45,599,Horm. Metab. Res.,enumeration_text
45,600,Horm. Res.,enumeration_text
45,601,Huadong Ligong Daxue Xuebao,enumeration_text
45,602,Huagong Xuebao (Chin. Ed.),enumeration_text
45,603,Huanjing Huaxue,enumeration_text
45,604,Huanjing Kexue Xuebao,enumeration_text
45,605,Huaxue,enumeration_text
45,606,Huaxue Fanying Gongcheng Yu Gongyi,enumeration_text
45,607,Huaxue Shiji,enumeration_text
45,608,Huaxue Tongbao,enumeration_text
45,609,Huaxue Wuli Xuebao,enumeration_text
45,610,Huaxue Xuebao,enumeration_text
45,611,Hum. Gene Ther.,enumeration_text
45,612,Hum. Mol. Genet.,enumeration_text
45,613,Hung. J. Ind. Chem.,enumeration_text
45,614,Hwahak Konghak,enumeration_text
45,615,Hydrometallurgy,enumeration_text
45,616,Hyperfine Interact.,enumeration_text
45,617,Hypertension,enumeration_text
45,618,IEEE J. Quantum Electron.,enumeration_text
45,619,IEEE J. Sel. Top. Quantum Electron.,enumeration_text
45,620,ILAR J.,enumeration_text
45,621,Immunity,enumeration_text
45,622,Immunology,enumeration_text
45,623,Immunol. Lett.,enumeration_text
45,624,Immunopharmacology,enumeration_text
45,625,Indian Chem. Eng.,enumeration_text
45,626,Indian J. Biochem. Biophys.,enumeration_text
45,627,Indian J. Chem. Technol.,enumeration_text
45,628,"Indian J. Chem., Sect. A: Inorg., Bio-inorg., Phys., Theor.",enumeration_text
45,629,"Indian J. Chem., Sect. B: Org. Chem. Incl. Med. Chem.",enumeration_text
45,630,Indian J. Environ. Health,enumeration_text
45,631,Indian J. Fibre Text. Res.,enumeration_text
45,632,Indian J. Heterocycl. Chem.,enumeration_text
45,633,"Indian J. Phys., A",enumeration_text
45,634,"Indian J. Phys., B",enumeration_text
45,635,Indian J. Pure Appl. Phys.,enumeration_text
45,636,Ind. Eng. Chem. Res.,enumeration_text
45,637,Infect. Immun.,enumeration_text
45,638,Inflammation Res.,enumeration_text
45,639,Inhalation Toxicol.,enumeration_text
45,640,Inorg. Chem. Commun.,enumeration_text
45,641,Inorg. Mater.,enumeration_text
45,642,Inorg. Chim. Acta,enumeration_text
45,643,Insect Biochem. Mol. Biol.,enumeration_text
45,644,Insect Mol. Biol.,enumeration_text
45,645,Intermetallics,enumeration_text
45,646,"Int. DATA Ser., Sel. Data Mixtures, Ser. A",enumeration_text
45,647,Int. Immunol.,enumeration_text
45,648,Int. Immunopharmacol.,enumeration_text
45,649,Int. J. Vitam. Nutr. Res.,enumeration_text
45,650,Int. J. Adhes. Adhes.,enumeration_text
45,651,Int. J. Antimicrob. Agents,enumeration_text
45,652,Int. J. Biochem. Cell Biol.,enumeration_text
45,653,Int. J. Biol. Macromol.,enumeration_text
45,654,Int. J. Cancer,enumeration_text
45,655,Int. J. Chem. Kinet.,enumeration_text
45,656,Int. J. Chem.,enumeration_text
45,657,Int. J. Coal Geol.,enumeration_text
45,658,Int. J. Environ. Pollut.,enumeration_text
45,659,Int. J. Environ. Anal. Chem.,enumeration_text
45,660,Int. J. Food Sci. Technol.,enumeration_text
45,661,Int. J. Hydrogen Energy,enumeration_text
45,662,Int. J. Mass Spectrom.,enumeration_text
45,663,Int. J. Miner. Process.,enumeration_text
45,664,Int. J. Multiphase Flow,enumeration_text
45,665,Int. J. Non-Equilib. Process.,enumeration_text
45,666,Int. J. Pharm.,enumeration_text
45,667,Int. J. PIXE,enumeration_text
45,668,Int. J. Polym. Anal. Charact.,enumeration_text
45,669,Int. J. Polym. Mater.,enumeration_text
45,670,"Int. J. Powder Metall. (Princeton, N. J.)",enumeration_text
45,671,Int. J. Quantum Chem.,enumeration_text
45,672,Int. J. Radiat. Biol.,enumeration_text
45,673,Int. J. Refract. Met. Hard Mater.,enumeration_text
45,674,Int. J. Thermophys.,enumeration_text
45,675,Int. Mater. Rev.,enumeration_text
45,676,Int. Polym. Process.,enumeration_text
45,677,Int. Rev. Phys. Chem.,enumeration_text
45,678,Ionics,enumeration_text
45,679,Ironmaking Steelmaking,enumeration_text
45,680,ISIJ Int.,enumeration_text
45,681,Isot. Environ. Health Stud.,enumeration_text
45,682,Isr. J. Chem.,enumeration_text
45,683,Ital. J. Biochem.,enumeration_text
45,684,IUBMB Life,enumeration_text
45,685,"Izv. Akad. Nauk, Ser. Fiz.",enumeration_text
45,686,"Izv. Minist. Obraz. Nauki Resp. Kaz., Nats. Akad. Nauk",enumeration_text
45,687,"Izv. Vyssh. Uchebn. Zaved., Khim. Khim. Tekhnol.",enumeration_text
45,688,"Izv. Vyssh. Uchebn. Zaved., Tsvetn. Metall.",enumeration_text
45,689,"Jpn. J. Appl. Phys., Part 1",enumeration_text
45,690,"Jpn. J. Appl. Phys., Part 2",enumeration_text
45,691,Jpn. J. Cancer Res.,enumeration_text
45,692,"JBIC, J. Biol. Inorg. Chem.",enumeration_text
45,693,JETP Lett.,enumeration_text
45,694,Jiegou Huaxue,enumeration_text
45,695,Jinshu Xuebao,enumeration_text
45,696,Jisuanji Yu Yingyong Huaxue,enumeration_text
45,697,J. - Am. Water Works Assoc.,enumeration_text
45,698,J. Pharm. Belg.,enumeration_text
45,699,J. Adhes.,enumeration_text
45,700,J. Adhes. Sci. Technol.,enumeration_text
45,701,J. Aerosol Sci.,enumeration_text
45,702,J. Agric. Food Chem.,enumeration_text
45,703,J. Alloys Compd.,enumeration_text
45,704,J. Anal. Appl. Pyrolysis,enumeration_text
45,705,J. Anal. At. Spectrom.,enumeration_text
45,706,J. Anal. Chem.,enumeration_text
45,707,J. Anal. Toxicol.,enumeration_text
45,708,"J. Anim. Sci. (Savoy, IL, U. S.)",enumeration_text
45,709,J. Antibiot.,enumeration_text
45,710,J. Antimicrob. Chemother.,enumeration_text
45,711,J. AOAC Int.,enumeration_text
45,712,J. Appl. Anim. Welfare Sci.,enumeration_text
45,713,J. Appl. Crystallogr.,enumeration_text
45,714,J. Appl. Electrochem.,enumeration_text
45,715,J. Appl. Phys.,enumeration_text
45,716,J. Appl. Polym. Sci.,enumeration_text
45,717,J. Appl. Spectrosc.,enumeration_text
45,718,J. Appl. Toxicol.,enumeration_text
45,719,J. Atmos. Chem.,enumeration_text
45,720,J. Autom. Methods Manage. Chem.,enumeration_text
45,721,J. Bacteriol.,enumeration_text
45,722,J. Biochem. Biophys. Methods,enumeration_text
45,723,J. Biochem. Mol. Toxicol.,enumeration_text
45,724,"J. Biochem. (Tokyo, Jpn.)",enumeration_text
45,725,J. Biochem. Mol. Biol.,enumeration_text
45,726,"J. Biochem., Mol. Biol. Biophys.",enumeration_text
45,727,J. Bioenerg. Biomembr.,enumeration_text
45,728,"J. Biomater. Sci., Polym. Ed.",enumeration_text
45,729,"J. Biomed. Mater. Res., Part A",enumeration_text
45,730,"J. Biomed. Mater. Res., Part B",enumeration_text
45,731,J. Biosci. Bioeng.,enumeration_text
45,732,J. Biotechnol.,enumeration_text
45,733,J. Capillary Electrophor. Microchip Technol.,enumeration_text
45,734,J. Carbohydr. Chem.,enumeration_text
45,735,J. Cardiovasc. Pharmacol.,enumeration_text
45,736,J. Catal.,enumeration_text
45,737,J. Cell Biol.,enumeration_text
45,738,J. Cell Sci.,enumeration_text
45,739,J. Cell. Biochem.,enumeration_text
45,740,J. Cell. Physiol.,enumeration_text
45,741,J. Chem. Eng. Data,enumeration_text
45,742,J. Chem. Crystallogr.,enumeration_text
45,743,J. Chem. Ecol.,enumeration_text
45,744,J. Chem. Educ.,enumeration_text
45,745,J. Chem. Eng. Jpn.,enumeration_text
45,746,J. Chem. Inf. Comput. Sci.,enumeration_text
45,747,J. Chem. Phys.,enumeration_text
45,748,"J. Chem. Res., Synop.",enumeration_text
45,749,J. Chem. Technol. Biotechnol.,enumeration_text
45,750,J. Chem. Thermodyn.,enumeration_text
45,751,J. Chemom.,enumeration_text
45,752,J. Chromatogr. Sci.,enumeration_text
45,753,"J. Chromatogr., A",enumeration_text
45,754,"J. Chromatogr., B: Anal. Technol. Biomed. Life Sci.",enumeration_text
45,755,J. Clin. Endocrinol. Metab.,enumeration_text
45,756,J. Clin. Invest.,enumeration_text
45,757,J. Cluster Sci.,enumeration_text
45,758,J. Coat. Technol.,enumeration_text
45,759,J. Colloid Interface Sci.,enumeration_text
45,760,J. Comb. Chem.,enumeration_text
45,761,J. Comput. Biol.,enumeration_text
45,762,J. Comput. Chem.,enumeration_text
45,763,"J. Comput. Chem., Jpn.",enumeration_text
45,764,J. Comput.-Aided Mol. Des.,enumeration_text
45,765,J. Contam. Hydrol.,enumeration_text
45,766,J. Controlled Release,enumeration_text
45,767,J. Coord. Chem.,enumeration_text
45,768,J. Cryst. Growth,enumeration_text
45,769,J. Dairy Res.,enumeration_text
45,770,J. Dairy Sci.,enumeration_text
45,771,J. Dispersion Sci. Technol.,enumeration_text
45,772,J. Drug Targeting,enumeration_text
45,773,J. Electroanal. Chem.,enumeration_text
45,774,J. Electron Spectrosc. Relat. Phenom.,enumeration_text
45,775,J. Electron. Mater.,enumeration_text
45,776,J. Endocrinol.,enumeration_text
45,777,J. Energ. Mater.,enumeration_text
45,778,"J. Environ. Eng. (Reston, VA, U. S.)",enumeration_text
45,779,J. Environ. Monit.,enumeration_text
45,780,J. Environ. Qual.,enumeration_text
45,781,J. Environ. Radioact.,enumeration_text
45,782,"J. Environ. Sci. Health, Part A: Toxic/Hazard. Subst.",enumeration_text
45,783,"J. Environ. Sci. Health, Part B",enumeration_text
45,784,J. Enzyme Inhib. Med. Chem.,enumeration_text
45,785,J. Exp. Theor. Phys.,enumeration_text
45,786,J. Exp. Anim. Sci.,enumeration_text
45,787,J. Exp. Bot.,enumeration_text
45,788,J. Exp. Med.,enumeration_text
45,789,J. Fluorine Chem.,enumeration_text
45,790,J. Food Sci.,enumeration_text
45,791,J. Fusion Energy,enumeration_text
45,792,J. Gen. Appl. Microbiol.,enumeration_text
45,793,J. Gen. Virol.,enumeration_text
45,794,J. Geochem. Explor.,enumeration_text
45,795,J. Hazard. Mater.,enumeration_text
45,796,J. Heterocycl. Chem.,enumeration_text
45,797,J. Histochem. Cytochem.,enumeration_text
45,798,J. Hypertens.,enumeration_text
45,799,J. Imaging Sci. Technol.,enumeration_text
45,800,J. Immunoassay Immunochem.,enumeration_text
45,801,J. Immunol. Methods,enumeration_text
45,802,J. Immunol.,enumeration_text
45,803,J. Inclusion Phenom. Macrocyclic Chem.,enumeration_text
45,804,"J. Ind. Eng. Chem. (Seoul, Repub. Korea)",enumeration_text
45,805,J. Ind. Microbiol. Biotechnol.,enumeration_text
45,806,J. Inorg. Organomet. Polym.,enumeration_text
45,807,J. Insect Physiol.,enumeration_text
45,808,J. Interferon Cytokine Res.,enumeration_text
45,809,J. Invest. Dermatol.,enumeration_text
45,810,J. Labelled Compd. Radiopharm.,enumeration_text
45,811,J. Leukocyte Biol.,enumeration_text
45,812,J. Lipid Res.,enumeration_text
45,813,J. Liq. Chromatogr. Relat. Technol.,enumeration_text
45,814,J. Low Temp. Phys.,enumeration_text
45,815,J. Lumin.,enumeration_text
45,816,"J. Macromol. Sci., Phys.",enumeration_text
45,817,"J. Macromol. Sci., Polym. Rev.",enumeration_text
45,818,"J. Macromol. Sci., Pure Appl. Chem.",enumeration_text
45,819,J. Magn. Magn. Mater.,enumeration_text
45,820,J. Mass Spectrom.,enumeration_text
45,821,J. Mater. Chem.,enumeration_text
45,822,J. Mater. Eng. Perform.,enumeration_text
45,823,J. Mater. Res.,enumeration_text
45,824,J. Mater. Sci.,enumeration_text
45,825,J. Mater. Sci. Lett.,enumeration_text
45,826,J. Mater. Sci.: Mater. Electron.,enumeration_text
45,827,J. Mater. Sci.: Mater. Med.,enumeration_text
45,828,J. Mater. Synth. Process.,enumeration_text
45,829,J. Math. Chem.,enumeration_text
45,830,J. Med. Chem.,enumeration_text
45,831,J. Membr. Biol.,enumeration_text
45,832,J. Membr. Sci.,enumeration_text
45,833,J. Microencapsulation,enumeration_text
45,834,J. Mol. Cell. Cardiol.,enumeration_text
45,835,J. Mol. Catal. A: Chem.,enumeration_text
45,836,J. Mol. Catal. B: Enzym.,enumeration_text
45,837,J. Mol. Endocrinol.,enumeration_text
45,838,J. Mol. Evol.,enumeration_text
45,839,J. Mol. Graphics Modell.,enumeration_text
45,840,J. Mol. Liq.,enumeration_text
45,841,J. Mol. Microbiol. Biotechnol.,enumeration_text
45,842,J. Mol. Neurosci.,enumeration_text
45,843,J. Mol. Recognit.,enumeration_text
45,844,J. Mol. Spectrosc.,enumeration_text
45,845,J. Mol. Struct.,enumeration_text
45,846,J. Nanosci. Nanotechnol.,enumeration_text
45,847,J. Nat. Gas Chem.,enumeration_text
45,848,J. Nat. Prod.,enumeration_text
45,849,J. Near Infrared Spectrosc.,enumeration_text
45,850,J. Neurochem.,enumeration_text
45,851,J. Neuroendocrinol.,enumeration_text
45,852,J. Neuroimmunol.,enumeration_text
45,853,J. Neurosci.,enumeration_text
45,854,J. Neurosci. Res.,enumeration_text
45,855,J. Non-Cryst. Solids,enumeration_text
45,856,J. Non-Newtonian Fluid Mech.,enumeration_text
45,857,J. Nucl. Mater.,enumeration_text
45,858,J. Nucl. Sci. Technol.,enumeration_text
45,859,J. Nutr.,enumeration_text
45,860,J. Nutr. Biochem.,enumeration_text
45,861,J. Nutr. Sci. Vitaminol.,enumeration_text
45,862,J. Ocul. Pharmacol. Ther.,enumeration_text
45,863,J. Oleo Sci.,enumeration_text
45,864,J. Org. Chem.,enumeration_text
45,865,J. Organomet. Chem.,enumeration_text
45,866,J. Pept. Sci.,enumeration_text
45,867,J. Pet. Sci. Eng.,enumeration_text
45,868,J. Petrol.,enumeration_text
45,869,J. Pharm. Biomed. Anal.,enumeration_text
45,870,J. Pharm. Sci.,enumeration_text
45,871,J. Pharmacol. Toxicol. Methods,enumeration_text
45,872,"J. Pharmacol. Sci. (Tokyo, Jpn.)",enumeration_text
45,873,J. Pharmacol. Exp. Ther.,enumeration_text
45,874,J. Pharm. Pharmacol.,enumeration_text
45,875,J. Phase Equilib.,enumeration_text
45,876,"J. Photochem. Photobiol., A",enumeration_text
45,877,"J. Photochem. Photobiol., B",enumeration_text
45,878,"J. Photochem. Photobiol., C",enumeration_text
45,879,J. Photopolym. Sci. Technol.,enumeration_text
45,880,J. Phys. Chem. Ref. Data,enumeration_text
45,881,J. Phys. Chem. A,enumeration_text
45,882,J. Phys. Chem. B,enumeration_text
45,883,J. Phys. Org. Chem.,enumeration_text
45,884,J. Phys. Chem. Solids,enumeration_text
45,885,"J. Phys. B: At., Mol. Opt. Phys.",enumeration_text
45,886,J. Phys. D: Appl. Phys.,enumeration_text
45,887,J. Phys. G: Nucl. Part. Phys.,enumeration_text
45,888,J. Phys.: Condens. Matter,enumeration_text
45,889,"J. Physiol. (Cambridge, U. K.)",enumeration_text
45,890,J. Pineal Res.,enumeration_text
45,891,J. Planar Chromatogr.--Mod. TLC,enumeration_text
45,892,J. Plant Growth Regul.,enumeration_text
45,893,J. Plant Nutr.,enumeration_text
45,894,J. Plant Nutr. Soil Sci.,enumeration_text
45,895,J. Plant Physiol.,enumeration_text
45,896,J. Polym. Mater.,enumeration_text
45,897,J. Polym. Res.,enumeration_text
45,898,"J. Polym. Sci., Part A: Polym. Chem.",enumeration_text
45,899,"J. Polym. Sci., Part B: Polym. Phys.",enumeration_text
45,900,J. Polym. Environ.,enumeration_text
45,901,J. Porphyrins Phthalocyanines,enumeration_text
45,902,J. Power Sources,enumeration_text
45,903,J. Process Control,enumeration_text
45,904,J. Proteome Res.,enumeration_text
45,905,J. Pulp Pap. Sci.,enumeration_text
45,906,J. Quant. Spectrosc. Radiat. Transfer,enumeration_text
45,907,J. Radioanal. Nucl. Chem.,enumeration_text
45,908,J. Raman Spectrosc.,enumeration_text
45,909,J. Recept. Signal Transduction,enumeration_text
45,910,J. Reinf. Plast. Compos.,enumeration_text
45,911,"J. Rheol. (N. Y., NY, U. S.)",enumeration_text
45,912,J. Sep. Sci.,enumeration_text
45,913,J. Sol-Gel Sci. Technol.,enumeration_text
45,914,J. Solid State Chem.,enumeration_text
45,915,J. Solid State Electrochem.,enumeration_text
45,916,J. Solution Chem.,enumeration_text
45,917,J. Steroid Biochem. Mol. Biol.,enumeration_text
45,918,J. Struct. Biol.,enumeration_text
45,919,J. Struct. Funct. Genomics,enumeration_text
45,920,J. Struct. Chem.,enumeration_text
45,921,J. Supercond.,enumeration_text
45,922,J. Supercrit. Fluids,enumeration_text
45,923,J. Supramol. Chem.,enumeration_text
45,924,J. Surfactants Deterg.,enumeration_text
45,925,J. Am. Ceram. Soc.,enumeration_text
45,926,J. Am. Oil Chem. Soc.,enumeration_text
45,927,J. Am. Soc. Mass Spectrom.,enumeration_text
45,928,J. Am. Soc. Brew. Chem.,enumeration_text
45,929,J. Argent. Chem. Soc.,enumeration_text
45,930,J. Braz. Chem. Soc.,enumeration_text
45,931,J. Ceram. Soc. Jpn.,enumeration_text
45,932,J. Chem. Soc. Pak.,enumeration_text
45,933,"J. Chin. Chem. Soc. (Taipei, Taiwan)",enumeration_text
45,934,J. Chin. Inst. Chem. Eng.,enumeration_text
45,935,J. Electrochem. Soc.,enumeration_text
45,936,J. Electrochem. Soc. India,enumeration_text
45,937,J. Eur. Ceram. Soc.,enumeration_text
45,938,J. Indian Chem. Soc.,enumeration_text
45,939,J. Inst. Energy,enumeration_text
45,940,J. Inst. Chem. (India),enumeration_text
45,941,J. Jpn. Pet. Inst.,enumeration_text
45,942,J. Korean Ceram. Soc.,enumeration_text
45,943,J. Korean Chem. Soc.,enumeration_text
45,944,J. Opt. Soc. Am. B,enumeration_text
45,945,J. Phys. Soc. Jpn.,enumeration_text
45,946,J. Sci. Food Agric.,enumeration_text
45,947,J. Serb. Chem. Soc.,enumeration_text
45,948,"J. Soc. Inorg. Mater., Jpn.",enumeration_text
45,949,J. Therm. Anal. Calorim.,enumeration_text
45,950,J. Thermophys. Heat Transfer,enumeration_text
45,951,"J. Toxicol. Environ. Health, Part A",enumeration_text
45,952,"J. Toxicol. Environ. Health, Part B",enumeration_text
45,953,J. Trace Microprobe Tech.,enumeration_text
45,954,"J. Vac. Sci. Technol., A",enumeration_text
45,955,"J. Vac. Sci. Technol., B",enumeration_text
45,956,J. Vinyl Addit. Technol.,enumeration_text
45,957,J. Virol. Methods,enumeration_text
45,958,J. Virol.,enumeration_text
45,959,J. Volcanol. Geotherm. Res.,enumeration_text
45,960,J. Wide Bandgap Mater.,enumeration_text
45,961,J. Wood Chem. Technol.,enumeration_text
45,962,Kagaku Kogaku,enumeration_text
45,963,Kagaku Kogaku Ronbunshu,enumeration_text
45,964,Kautsch. Gummi Kunstst.,enumeration_text
45,965,Kem. Ind.,enumeration_text
45,966,Khim. Fiz.,enumeration_text
45,967,"Khim. Prom-st. (St. Petersburg, Russ. Fed.)",enumeration_text
45,968,Khim. Tekhnol. Vody,enumeration_text
45,969,"Khim. Tverd. Topl. (Moscow, Russ. Fed.)",enumeration_text
45,970,Khim. Interesakh Ustoich. Razvit.,enumeration_text
45,971,Kinet. Catal.,enumeration_text
45,972,Kobunshi Ronbunshu,enumeration_text
45,973,Koks Khim.,enumeration_text
45,974,Korean J. Chem. Eng.,enumeration_text
45,975,Lab Chip,enumeration_text
45,976,Lab. Anim.,enumeration_text
45,977,Langmuir,enumeration_text
45,978,Laser Part. Beams,enumeration_text
45,979,Laser Chem.,enumeration_text
45,980,Latv. Kim. Z.,enumeration_text
45,981,LCGC North Am.,enumeration_text
45,982,Lebensm.-Wiss. Technol.,enumeration_text
45,983,Lett. Pept. Sci.,enumeration_text
45,984,Life Sci.,enumeration_text
45,985,Linchan Huaxue Yu Gongye,enumeration_text
45,986,Lipids,enumeration_text
45,987,Liq. Cryst.,enumeration_text
45,988,Lithos,enumeration_text
45,989,Macromol. Biosci.,enumeration_text
45,990,Macromol. Chem. Phys.,enumeration_text
45,991,Macromol. Mater. Eng.,enumeration_text
45,992,Macromol. Rapid Commun.,enumeration_text
45,993,Macromol. Res.,enumeration_text
45,994,Macromol. Symp.,enumeration_text
45,995,Macromol. Theory Simul.,enumeration_text
45,996,Macromolecules,enumeration_text
45,997,Magnesium Res.,enumeration_text
45,998,Magn. Reson. Chem.,enumeration_text
45,999,"Magy. Kem. Foly., Kem. Kozl.",enumeration_text
45,1000,Main Group Met. Chem.,enumeration_text
45,1001,Mar. Biotechnol.,enumeration_text
45,1002,Mar. Chem.,enumeration_text
45,1003,Mar. Environ. Res.,enumeration_text
45,1004,Mar. Pollut. Bull.,enumeration_text
45,1005,Mater. Corros.,enumeration_text
45,1006,Mater. Manuf. Processes,enumeration_text
45,1007,Mater. Charact.,enumeration_text
45,1008,Mater. Chem. Phys.,enumeration_text
45,1009,"Mater. Eng. (Modena, Italy)",enumeration_text
45,1010,Mater. Forum,enumeration_text
45,1011,Mater. Lett.,enumeration_text
45,1012,Mater. Res. Bull.,enumeration_text
45,1013,Mater. Res. Innovations,enumeration_text
45,1014,Mater. Res. Soc. Symp. Proc.,enumeration_text
45,1015,"Mater. Sci. Eng., A",enumeration_text
45,1016,"Mater. Sci. Eng., B",enumeration_text
45,1017,"Mater. Sci. Eng., C",enumeration_text
45,1018,Mater. Sci. Technol.,enumeration_text
45,1019,Mater. Sci. Semicond. Process.,enumeration_text
45,1020,Mater. Trans.,enumeration_text
45,1021,Matrix Biol.,enumeration_text
45,1022,Meas. Sci. Technol.,enumeration_text
45,1023,Mech. Dev.,enumeration_text
45,1024,Med. Chem. Res.,enumeration_text
45,1025,Mendeleev Commun.,enumeration_text
45,1026,Metab. Eng.,enumeration_text
45,1027,"Metab., Clin. Exp.",enumeration_text
45,1028,Met. Sci. Heat Treat.,enumeration_text
45,1029,Met.-Based Drugs,enumeration_text
45,1030,Metallofiz. Noveishie Tekhnol.,enumeration_text
45,1031,Metall. Mater. Trans. A,enumeration_text
45,1032,Metall. Mater. Trans. B,enumeration_text
45,1033,Metally,enumeration_text
45,1034,Meteorit. Planet. Sci.,enumeration_text
45,1035,"Methods (San Diego, CA, U. S.)",enumeration_text
45,1036,"Microbiology (Moscow, Russ. Fed.)",enumeration_text
45,1037,"Microbiology (Reading, U. K.)",enumeration_text
45,1038,Microbiol. Immunol.,enumeration_text
45,1039,Microchem. J.,enumeration_text
45,1040,Microelectron. Eng.,enumeration_text
45,1041,Microporous Mesoporous Mater.,enumeration_text
45,1042,Microsc. Microanal.,enumeration_text
45,1043,Mikrochim. Acta,enumeration_text
45,1044,Milchwissenschaft,enumeration_text
45,1045,Miner. Deposita,enumeration_text
45,1046,Mineral. Mag.,enumeration_text
45,1047,Mineral. Petrol.,enumeration_text
45,1048,Miner. Metall. Process.,enumeration_text
45,1049,Miner. Eng.,enumeration_text
45,1050,Mini-Rev. Med. Chem.,enumeration_text
45,1051,Mitochondrion,enumeration_text
45,1052,Mod. Phys. Lett. B,enumeration_text
45,1053,Mol. Biochem. Parasitol.,enumeration_text
45,1054,Mol. Cell. Biochem.,enumeration_text
45,1055,Mol. Cell. Biol.,enumeration_text
45,1056,Mol. Cell. Endocrinol.,enumeration_text
45,1057,Mol. Cell. Neurosci.,enumeration_text
45,1058,Mol. Cell. Probes,enumeration_text
45,1059,Mol. Cell. Proteomics,enumeration_text
45,1060,"Mol. Biol. (Moscow, Russ. Fed., Engl. Ed.)",enumeration_text
45,1061,Mol. Biol. Evol.,enumeration_text
45,1062,Mol. Biol. Cell,enumeration_text
45,1063,Mol. Biol. Rep.,enumeration_text
45,1064,Mol. Biotechnol.,enumeration_text
45,1065,Mol. Brain Res.,enumeration_text
45,1066,Mol. Cancer Res.,enumeration_text
45,1067,Mol. Cancer Ther.,enumeration_text
45,1068,Mol. Carcinog.,enumeration_text
45,1069,"Mol. Cryst. Liq. Cryst. Sci. Technol., Sect. A",enumeration_text
45,1070,Mol. Diversity,enumeration_text
45,1071,Mol. Endocrinol.,enumeration_text
45,1072,Mol. Genet. Genomics,enumeration_text
45,1073,Mol. Genet. Metab.,enumeration_text
45,1074,Mol. Immunol.,enumeration_text
45,1075,Mol. Membr. Biol.,enumeration_text
45,1076,Mol. Microbiol.,enumeration_text
45,1077,Mol. Neurobiol.,enumeration_text
45,1078,Mol. Pharmacol.,enumeration_text
45,1079,Mol. Phys.,enumeration_text
45,1080,Mol. Plant-Microbe Interact.,enumeration_text
45,1081,Mol. Reprod. Dev.,enumeration_text
45,1082,Mol. Simul.,enumeration_text
45,1083,Mol. Ther.,enumeration_text
45,1084,Mol. Cells,enumeration_text
45,1085,Monatsh. Chem.,enumeration_text
45,1086,Mutagenesis,enumeration_text
45,1087,Mutat. Res.,enumeration_text
45,1088,Nano Lett.,enumeration_text
45,1089,Nat. Prod. Lett.,enumeration_text
45,1090,Nat. Prod. Rep.,enumeration_text
45,1091,Nat. Prod. Res.,enumeration_text
45,1092,Nat. Prod. Sci.,enumeration_text
45,1093,"Nature (London, U. K.)",enumeration_text
45,1094,Nat. Biotechnol.,enumeration_text
45,1095,Nat. Cell Biol.,enumeration_text
45,1096,Nat. Genet.,enumeration_text
45,1097,Nat. Immunol.,enumeration_text
45,1098,Nat. Mater.,enumeration_text
45,1099,"Nat. Med. (N. Y., NY, U. S.)",enumeration_text
45,1100,Nat. Neurosci.,enumeration_text
45,1101,Nat. Rev. Cancer,enumeration_text
45,1102,Nat. Rev. Drug Discovery,enumeration_text
45,1103,Nat. Rev. Genet.,enumeration_text
45,1104,Nat. Rev. Immunol.,enumeration_text
45,1105,Nat. Rev. Mol. Cell Biol.,enumeration_text
45,1106,Nat. Rev. Neurosci.,enumeration_text
45,1107,Naturwissenschaften,enumeration_text
45,1108,Naunyn-Schmiedeberg's Arch. Pharmacol.,enumeration_text
45,1109,Neftekhimiya,enumeration_text
45,1110,"Neues Jahrb. Mineral., Abh.",enumeration_text
45,1111,"Neues Jahrb. Mineral., Monatsh.",enumeration_text
45,1112,Neurochem. Res.,enumeration_text
45,1113,Neurochem. Int.,enumeration_text
45,1114,Neuroendocrinology,enumeration_text
45,1115,NeuroImmunoModulation,enumeration_text
45,1116,NeuroMol. Med.,enumeration_text
45,1117,Neuron,enumeration_text
45,1118,"Neuropeptides (Edinburgh, U. K.)",enumeration_text
45,1119,Neuropharmacology,enumeration_text
45,1120,"Neuroscience (Oxford, U. K.)",enumeration_text
45,1121,Neurosci. Lett.,enumeration_text
45,1122,Neurosignals,enumeration_text
45,1123,Neurotoxicol. Teratol.,enumeration_text
45,1124,New Diamond Front. Carbon Technol.,enumeration_text
45,1125,New J. Chem.,enumeration_text
45,1126,Nippon Kinzoku Gakkaishi,enumeration_text
45,1127,Nitric Oxide,enumeration_text
45,1128,Nord. Pulp Pap. Res. J.,enumeration_text
45,1129,Nucl. Eng. Des.,enumeration_text
45,1130,Nucl. Fusion,enumeration_text
45,1131,"Nucl. Instrum. Methods Phys. Res., Sect. A",enumeration_text
45,1132,"Nucl. Instrum. Methods Phys. Res., Sect. B",enumeration_text
45,1133,Nucl. Phys. A,enumeration_text
45,1134,Nucl. Phys. B,enumeration_text
45,1135,"Nucl. Phys. B, Proc. Suppl.",enumeration_text
45,1136,Nucl. Sci. Eng.,enumeration_text
45,1137,Nucl. Technol.,enumeration_text
45,1138,Nucleic Acids Res. Suppl.,enumeration_text
45,1139,"Nucleosides, Nucleotides Nucleic Acids",enumeration_text
45,1140,Nukleonika,enumeration_text
45,1141,"Nutr. Res. (N. Y., NY, U. S.)",enumeration_text
45,1142,O'zb. Kim. J.,enumeration_text
45,1143,OMICS,enumeration_text
45,1144,Oncogene,enumeration_text
45,1145,Opt. Spectrosc.,enumeration_text
45,1146,Opt. Commun.,enumeration_text
45,1147,Org. Biomol. Chem.,enumeration_text
45,1148,Org. Geochem.,enumeration_text
45,1149,Org. Lett.,enumeration_text
45,1150,Org. Prep. Proced. Int.,enumeration_text
45,1151,Org. Process Res. Dev.,enumeration_text
45,1152,Org. Synth.,enumeration_text
45,1153,Organometallics,enumeration_text
45,1154,Orient. J. Chem.,enumeration_text
45,1155,Oxid. Commun.,enumeration_text
45,1156,Oxid. Met.,enumeration_text
45,1157,Oyo Yakuri,enumeration_text
45,1158,Ozone: Sci. Eng.,enumeration_text
45,1159,Part. Sci. Technol.,enumeration_text
45,1160,"Peptides (N. Y., NY, U. S.)",enumeration_text
45,1161,Perspect. Drug Discovery Des.,enumeration_text
45,1162,Pest Manage. Sci.,enumeration_text
45,1163,Pestic. Biochem. Physiol.,enumeration_text
45,1164,Pet. Sci. Technol.,enumeration_text
45,1165,Pfluegers Arch.,enumeration_text
45,1166,Pharm. Pharmacol. Lett.,enumeration_text
45,1167,Pharm. Chem. J.,enumeration_text
45,1168,Pharm. Dev. Technol.,enumeration_text
45,1169,Pharm. Res.,enumeration_text
45,1170,Pharmacogenomics J.,enumeration_text
45,1171,Pharmacology,enumeration_text
45,1172,Pharmacol. Ther.,enumeration_text
45,1173,"Pharmacol. Toxicol. (Oxford, U. K.)",enumeration_text
45,1174,Pharmacol. Rev. Commun.,enumeration_text
45,1175,"Pharmacol., Biochem. Behav.",enumeration_text
45,1176,Pharmazie,enumeration_text
45,1177,Phase Transitions,enumeration_text
45,1178,Philos. Mag.,enumeration_text
45,1179,Philos. Mag. A,enumeration_text
45,1180,Philos. Mag. B,enumeration_text
45,1181,Philos. Mag. Lett.,enumeration_text
45,1182,"Phosphorus, Sulfur Silicon Relat. Elem.",enumeration_text
45,1183,Photochem. Photobiol. Sci.,enumeration_text
45,1184,Photochem. Photobiol.,enumeration_text
45,1185,Photosynth. Res.,enumeration_text
45,1186,"Physica B (Amsterdam, Neth.)",enumeration_text
45,1187,"Physica C (Amsterdam, Neth.)",enumeration_text
45,1188,Phys. Scr.,enumeration_text
45,1189,"Phys. Scr., T",enumeration_text
45,1190,Phys. Status Solidi A,enumeration_text
45,1191,Phys. Status Solidi B,enumeration_text
45,1192,Phys. Chem. Chem. Phys.,enumeration_text
45,1193,"Phys. Rev. A: At., Mol., Opt. Phys.",enumeration_text
45,1194,Phys. Rev. B: Condens. Matter Mater. Phys.,enumeration_text
45,1195,Phys. Rev. C: Nucl. Phys.,enumeration_text
45,1196,Phys. Rev. D: Part. Fields,enumeration_text
45,1197,"Phys. Rev. E: Stat., Nonlinear, Soft Matter Phys.",enumeration_text
45,1198,Phys. Rev. Lett.,enumeration_text
45,1199,Phys. Chem. Glasses,enumeration_text
45,1200,Phys. Chem. Liq.,enumeration_text
45,1201,Phys. Chem. Miner.,enumeration_text
45,1202,Phys. Lett. A,enumeration_text
45,1203,Phys. Lett. B,enumeration_text
45,1204,Phys. At. Nucl.,enumeration_text
45,1205,Phys. Fluids,enumeration_text
45,1206,Phys. Plasmas,enumeration_text
45,1207,Phys. Solid State,enumeration_text
45,1208,Physiol. Plant.,enumeration_text
45,1209,Physiol. Behav.,enumeration_text
45,1210,Phytochem. Anal.,enumeration_text
45,1211,Phytochemistry (Elsevier),enumeration_text
45,1212,Phytochem. Rev.,enumeration_text
45,1213,Plant Cell Physiol.,enumeration_text
45,1214,Plant Soil,enumeration_text
45,1215,Plant Cell,enumeration_text
45,1216,Plant Cell Rep.,enumeration_text
45,1217,Plant Growth Regul.,enumeration_text
45,1218,Plant Mol. Biol.,enumeration_text
45,1219,Plant Physiol.,enumeration_text
45,1220,"Plant Physiol. Biochem. (Paris, Fr. )",enumeration_text
45,1221,"Plant Sci. (Shannon, Irel.)",enumeration_text
45,1222,Planta,enumeration_text
45,1223,Planta Med.,enumeration_text
45,1224,Plasma Chem. Plasma Process.,enumeration_text
45,1225,Plasmid,enumeration_text
45,1226,Plast. Massy,enumeration_text
45,1227,"Plast., Rubber Compos.",enumeration_text
45,1228,Platelets,enumeration_text
45,1229,Pol. J. Chem.,enumeration_text
45,1230,Polycyclic Aromat. Compd.,enumeration_text
45,1231,Polyhedron,enumeration_text
45,1232,Polymer,enumeration_text
45,1233,Polymer (Korea),enumeration_text
45,1234,"Polym. Bull. (Berlin, Ger.)",enumeration_text
45,1235,Polym. Compos.,enumeration_text
45,1236,Polym. Degrad. Stab.,enumeration_text
45,1237,Polym. Eng. Sci.,enumeration_text
45,1238,Polym. Int.,enumeration_text
45,1239,"Polym. J. (Tokyo, Jpn.)",enumeration_text
45,1240,"Polym. Prepr. (Am. Chem. Soc., Div. Polym. Chem.)",enumeration_text
45,1241,Polym. React. Eng.,enumeration_text
45,1242,Polym. Test.,enumeration_text
45,1243,Polym. Mater. Sci. Eng.,enumeration_text
45,1244,Polym. Polym. Compos.,enumeration_text
45,1245,Polym. Adv. Technol.,enumeration_text
45,1246,Poverkhnost,enumeration_text
45,1247,Powder Diffr.,enumeration_text
45,1248,Powder Metall.,enumeration_text
45,1249,Powder Metall. Met. Ceram.,enumeration_text
45,1250,Powder Technol.,enumeration_text
45,1251,Pract. Spectrosc.,enumeration_text
45,1252,Precambrian Res.,enumeration_text
45,1253,Prep. Biochem. Biotechnol.,enumeration_text
45,1254,"Prepr. - Am. Chem. Soc., Div. Pet. Chem.",enumeration_text
45,1255,"Prepr. Ext. Abstr. ACS Natl. Meet., Am. Chem. Soc., Div.",enumeration_text
45,1256,"Prepr. Symp. - Am. Chem. Soc., Div. Fuel Chem.",enumeration_text
45,1257,Prikl. Biokhim. Mikrobiol.,enumeration_text
45,1258,Proc. - Electrochem. Soc.,enumeration_text
45,1259,"Proc. - Indian Acad. Sci., Chem. Sci.",enumeration_text
45,1260,"Proc. Est. Acad. Sci., Chem.",enumeration_text
45,1261,Proc. Natl. Acad. Sci. U. S. A.,enumeration_text
45,1262,"Process Biochem. (Oxford, U. K.)",enumeration_text
45,1263,Process Saf. Environ. Prot.,enumeration_text
45,1264,Prog. Colloid Polym. Sci.,enumeration_text
45,1265,Prog. Cryst. Growth Charact. Mater.,enumeration_text
45,1266,Prog. Inorg. Chem.,enumeration_text
45,1267,Prog. Nucl. Magn. Reson. Spectrosc.,enumeration_text
45,1268,Prog. Org. Coat.,enumeration_text
45,1269,Prog. Polym. Sci.,enumeration_text
45,1270,Prog. React. Kinet. Mech.,enumeration_text
45,1271,Prog. Solid State Chem.,enumeration_text
45,1272,Prog. Surf. Sci.,enumeration_text
45,1273,"Propellants, Explos., Pyrotech.",enumeration_text
45,1274,Prostaglandins Other Lipid Mediators,enumeration_text
45,1275,"Prostaglandins, Leukotrienes Essent. Fatty Acids",enumeration_text
45,1276,Prot. Met.,enumeration_text
45,1277,Protein Pept. Lett.,enumeration_text
45,1278,Protein Expression Purif.,enumeration_text
45,1279,Proteomics,enumeration_text
45,1280,Przem. Chem.,enumeration_text
45,1281,"Psychopharmacology (Berlin, Ger.)",enumeration_text
45,1282,Pteridines,enumeration_text
45,1283,Pulm. Pharmacol. Ther.,enumeration_text
45,1284,Pure Appl. Chem.,enumeration_text
45,1285,Quant. Struct.-Act. Relat.,enumeration_text
45,1286,Quantum Electron.,enumeration_text
45,1287,Quim. Nova,enumeration_text
45,1288,Radiat. Eff. Defects Solids,enumeration_text
45,1289,Radiat. Meas.,enumeration_text
45,1290,Radiat. Phys. Chem.,enumeration_text
45,1291,Radiat. Res.,enumeration_text
45,1292,"Radiochemistry (Moscow, Russ. Fed.)",enumeration_text
45,1293,Radiochim. Acta,enumeration_text
45,1294,Radioprotection,enumeration_text
45,1295,Ranliao Huaxue Xuebao,enumeration_text
45,1296,Rapid Commun. Mass Spectrom.,enumeration_text
45,1297,"Rare Met. (Beijing, China)",enumeration_text
45,1298,Rasplavy,enumeration_text
45,1299,React. Kinet. Catal. Lett.,enumeration_text
45,1300,React. Funct. Polym.,enumeration_text
45,1301,Recept. Channels,enumeration_text
45,1302,Regul. Pept.,enumeration_text
45,1303,Rengong Jingti Xuebao,enumeration_text
45,1304,"Reproduction (Cambridge, U. K.)",enumeration_text
45,1305,Reprod. Toxicol.,enumeration_text
45,1306,Res. Commun. Biochem. Cell Mol. Biol.,enumeration_text
45,1307,Res. Commun. Mol. Pathol. Pharmacol.,enumeration_text
45,1308,Res. Commun. Pharmacol. Toxicol.,enumeration_text
45,1309,Res. Chem. Intermed.,enumeration_text
45,1310,Rev. Sci. Instrum.,enumeration_text
45,1311,Rev. Anal. Chem.,enumeration_text
45,1312,Rev. Inorg. Chem.,enumeration_text
45,1313,"Rev. Chim. (Bucharest, Rom.)",enumeration_text
45,1314,Rev. Rom. Mater.,enumeration_text
45,1315,Rev. Roum. Chim.,enumeration_text
45,1316,Rheol. Acta,enumeration_text
45,1317,Rom. J. Phys.,enumeration_text
45,1318,Ross. Khim. Zh.,enumeration_text
45,1319,Roum. Chem. Q. Rev.,enumeration_text
45,1320,Rubber Chem. Technol.,enumeration_text
45,1321,Russ. Chem. Bull.,enumeration_text
45,1322,Russ. Chem. Rev.,enumeration_text
45,1323,Russ. J. Appl. Chem.,enumeration_text
45,1324,Russ. J. Bioorg. Chem.,enumeration_text
45,1325,Russ. J. Coord. Chem.,enumeration_text
45,1326,Russ. J. Electrochem.,enumeration_text
45,1327,Russ. J. Gen. Chem.,enumeration_text
45,1328,Russ. J. Genet.,enumeration_text
45,1329,Russ. J. Org. Chem.,enumeration_text
45,1330,Russ. J. Plant Physiol.,enumeration_text
45,1331,SAR QSAR Environ. Res.,enumeration_text
45,1332,Scand. J. Lab. Anim. Sci.,enumeration_text
45,1333,Scand. J. Metall.,enumeration_text
45,1334,"Science (Washington, DC, U. S.)",enumeration_text
45,1335,"Sci. China, Ser. B: Chem.",enumeration_text
45,1336,Sci. Total Environ.,enumeration_text
45,1337,Scr. Mater.,enumeration_text
45,1338,Seibutsu Kogaku Kaishi,enumeration_text
45,1339,Semicond. Sci. Technol.,enumeration_text
45,1340,Semiconductors,enumeration_text
45,1341,"Sens. Actuators, A",enumeration_text
45,1342,"Sens. Actuators, B",enumeration_text
45,1343,Sep. Purif. Technol.,enumeration_text
45,1344,Sep. Sci. Technol.,enumeration_text
45,1345,Sepu,enumeration_text
45,1346,Shiyou Huagong,enumeration_text
45,1347,"Shiyou Xuebao, Shiyou Jiagong",enumeration_text
45,1348,Shuichuli Jishu,enumeration_text
45,1349,Signal Transduction,enumeration_text
45,1350,Silicon Chem.,enumeration_text
45,1351,Single Mol.,enumeration_text
45,1352,Soil Biol. Biochem.,enumeration_text
45,1353,Soil Sci.,enumeration_text
45,1354,Soil Sci. Soc. Am. J.,enumeration_text
45,1355,Sol. Energy Mater. Sol. Cells,enumeration_text
45,1356,Solid State Commun.,enumeration_text
45,1357,Solid State Ionics,enumeration_text
45,1358,Solid State Nucl. Magn. Reson.,enumeration_text
45,1359,Solid State Sci.,enumeration_text
45,1360,Solid-State Electron.,enumeration_text
45,1361,Solvent Extr. Ion Exch.,enumeration_text
45,1362,"Solvent Extr. Res. Dev., Jpn.",enumeration_text
45,1363,Somatic Cell Mol. Genet.,enumeration_text
45,1364,S. Afr. J. Chem.,enumeration_text
45,1365,SPE Prod. Facil.,enumeration_text
45,1366,SPE Reservoir Eval. Eng.,enumeration_text
45,1367,"Spectrochim. Acta, Part A",enumeration_text
45,1368,"Spectrochim. Acta, Part B",enumeration_text
45,1369,"Spectroscopy (Amsterdam, Neth.)",enumeration_text
45,1370,Spectrosc. Lett.,enumeration_text
45,1371,"STAL, Sci. Tech. Anim. Lab.",enumeration_text
45,1372,Starch/Staerke,enumeration_text
45,1373,Steroids,enumeration_text
45,1374,Struct. Chem.,enumeration_text
45,1375,"Structure (Cambridge, MA, U. S.)",enumeration_text
45,1376,Sulfur Lett.,enumeration_text
45,1377,Supercond. Sci. Technol.,enumeration_text
45,1378,Superlattices Microstruct.,enumeration_text
45,1379,Supramol. Chem.,enumeration_text
45,1380,Surf. Coat. Technol.,enumeration_text
45,1381,Surf. Interface Anal.,enumeration_text
45,1382,Surf. Eng.,enumeration_text
45,1383,Surf. Rev. Lett.,enumeration_text
45,1384,Surf. Sci.,enumeration_text
45,1385,Surf. Sci. Rep.,enumeration_text
45,1386,"Synapse (N. Y., NY, U. S.)",enumeration_text
45,1387,Synlett,enumeration_text
45,1388,Synthesis,enumeration_text
45,1389,Synth. React. Inorg. Met.-Org. Chem.,enumeration_text
45,1390,Synth. Commun.,enumeration_text
45,1391,Synth. Lubr.,enumeration_text
45,1392,Synth. Met.,enumeration_text
45,1393,"Taehan Kumsok, Chaeryo Hakhoechi",enumeration_text
45,1394,Talanta,enumeration_text
45,1395,Tappi J.,enumeration_text
45,1396,Tech. Phys.,enumeration_text
45,1397,Tech. Phys. Lett.,enumeration_text
45,1398,"Tenside, Surfactants, Deterg.",enumeration_text
45,1399,"Teratog., Carcinog., Mutagen.",enumeration_text
45,1400,Teratology,enumeration_text
45,1401,Tetrahedron,enumeration_text
45,1402,Tetrahedron Lett.,enumeration_text
45,1403,Tetrahedron: Asymmetry,enumeration_text
45,1404,Tetsu to Hagane,enumeration_text
45,1405,Text. Res. J.,enumeration_text
45,1406,THEOCHEM,enumeration_text
45,1407,Theor. Exp. Chem.,enumeration_text
45,1408,Theor. Chem. Acc.,enumeration_text
45,1409,Theor. Found. Chem. Eng.,enumeration_text
45,1410,Thermochim. Acta,enumeration_text
45,1411,Thin Solid Films,enumeration_text
45,1412,Thromb. Haemostasis,enumeration_text
45,1413,Thromb. Res.,enumeration_text
45,1414,Top. Catal.,enumeration_text
45,1415,Toxicol. Environ. Chem.,enumeration_text
45,1416,Toxicol. Sci.,enumeration_text
45,1417,Toxicology,enumeration_text
45,1418,Toxicol. Appl. Pharmacol.,enumeration_text
45,1419,Toxicol. in Vitro,enumeration_text
45,1420,Toxicol. Lett.,enumeration_text
45,1421,Toxicol. Mech. Methods,enumeration_text
45,1422,Toxicon,enumeration_text
45,1423,"TrAC, Trends Anal. Chem.",enumeration_text
45,1424,"Traffic (Oxford, U. K.)",enumeration_text
45,1425,Trans. Indian Ceram. Soc.,enumeration_text
45,1426,Trans. Inst. Met. Finish.,enumeration_text
45,1427,Trans. SAEST,enumeration_text
45,1428,Transgenic Res.,enumeration_text
45,1429,"Transition Met. Chem. (Dordrecht, Neth.)",enumeration_text
45,1430,Trends Biochem. Sci.,enumeration_text
45,1431,Trends Biotechnol.,enumeration_text
45,1432,Trends Endocrinol. Metab.,enumeration_text
45,1433,Trends Food Sci. Technol.,enumeration_text
45,1434,Trends Genet.,enumeration_text
45,1435,Trends Immunol.,enumeration_text
45,1436,Trends Microbiol.,enumeration_text
45,1437,Trends Neurosci.,enumeration_text
45,1438,Trends Pharmacol. Sci.,enumeration_text
45,1439,Trends Plant Sci.,enumeration_text
45,1440,Tribol. Trans.,enumeration_text
45,1441,Turk. J. Chem.,enumeration_text
45,1442,Ukr. Biokhim. Zh.,enumeration_text
45,1443,Ukr. Fiz. Zh.,enumeration_text
45,1444,Ukr. Khim. Zh. (Russ. Ed.),enumeration_text
45,1445,Ultramicroscopy,enumeration_text
45,1446,Ultrason. Sonochem.,enumeration_text
45,1447,Vacuum,enumeration_text
45,1448,Vasc. Pharmacol.,enumeration_text
45,1449,"Vestn. Mosk. Univ., Ser. 2: Khim.",enumeration_text
45,1450,"Vestn. S.-Peterb. Univ., Ser. 4: Fiz., Khim.",enumeration_text
45,1451,"Vestsi Nats. Akad. Navuk Belarusi, Ser. Khim. Navuk",enumeration_text
45,1452,Vib. Spectrosc.,enumeration_text
45,1453,Viral Immunol.,enumeration_text
45,1454,Virology,enumeration_text
45,1455,Virus Genes,enumeration_text
45,1456,Virus Res.,enumeration_text
45,1457,Vopr. Med. Khim.,enumeration_text
45,1458,"Vysokomol. Soedin., Ser. A Ser. B",enumeration_text
45,1459,Water Environ. Res.,enumeration_text
45,1460,Water Qual. Res. J. Can.,enumeration_text
45,1461,Water Res.,enumeration_text
45,1462,Water Resour.,enumeration_text
45,1463,"Water, Air, Soil Pollut.",enumeration_text
45,1464,Wear,enumeration_text
45,1465,Weed Sci.,enumeration_text
45,1466,Wood Fiber Sci.,enumeration_text
45,1467,Wood Sci. Technol.,enumeration_text
45,1468,Wuji Huaxue Xuebao,enumeration_text
45,1469,Wuli Huaxue Xuebao,enumeration_text
45,1470,Wuli Xuebao,enumeration_text
45,1471,X-Ray Spectrom.,enumeration_text
45,1472,Xenobiotica,enumeration_text
45,1473,Yakhak Hoechi,enumeration_text
45,1474,Yakugaku Zasshi,enumeration_text
45,1475,Yeast,enumeration_text
45,1476,Yingyong Huaxue,enumeration_text
45,1477,Yosetsu Gakkai Ronbunshu,enumeration_text
45,1478,Youji Huaxue,enumeration_text
45,1479,Yuki Gosei Kagaku Kyokaishi,enumeration_text
45,1480,Z. Anorg. Allg. Chem.,enumeration_text
45,1481,Z. Kristallogr.,enumeration_text
45,1482,Z. Kristallogr. - New Cryst. Struct.,enumeration_text
45,1483,Z. Metallkd.,enumeration_text
45,1484,"Z. Naturforsch., A: Phys. Sci.",enumeration_text
45,1485,"Z. Naturforsch., B: Chem. Sci.",enumeration_text
45,1486,"Z. Naturforsch., C: J. Biosci.",enumeration_text
45,1487,"Z. Phys. Chem. (Muenchen, Ger.)",enumeration_text
45,1488,Zhongguo Shengwu Huaxue Yu Fenzi Shengwu Xuebao,enumeration_text
45,1489,Zh. Fiz. Khim.,enumeration_text
45,1490,Zh. Nauchn. Prikl. Fotogr.,enumeration_text
45,1491,Zh. Neorg. Khim.,enumeration_text
43,1,in preparation,A manuscript is being prepared but has not been submitted for publication.
43,2,submitted,A manuscript has been submitted for publication.
43,3,in press,A manuscript has been accepted for publication$ but has not yet appeared in press.
43,4,published,A published article exists that contains or describes the data in the entry.
43,5,retracted,A published article has been retracted by the authors or journal.
43,6,na,The status of the citation is not available. This value is for older entries where the status can not be determined but should not be allowed for current entries.
44,1,journal,enumeration_text
44,2,book,enumeration_text
44,3,book chapter,enumeration_text
44,4,thesis,A document written and published as a requirement for a degree or other scholarly endeavor (e.g.$ senior$ masters$ or doctoral thesis)
44,5,abstract,A brief text describing the contents of a presentation$ oral$$ poster$ or other$ given at a conference or other formal gathering.
44,6,personal communication,The BMRB entry is the only known published source for the data.
44,7,internet,The data were only found published on the internet and no other publication is available.
44,8,BMRB only,The only publication related to the data submitted will be the BMRB entry.
44,9,other publication,Used only when none of the others apply.
145,1,IRIX,Version of UNIX developed by SGI
145,2,UNIX,Originally developed by AT&T and UC Berkeley
145,3,Linux,Linux Is Not Unix; but closely resembles it
145,4,DOS,Operating system used on many IBM and IBM compatible personal computers
145,5,NT,Windows New Technology operating system
145,6,Windows VISTA,enumeration_text
145,7,Windows 2000,enumeration_text
145,8,Windows XP,enumeration_text
146,1,CHTC,Condor High Through-put Computing
146,2,NMRbox,enumeration_text
146,3,Open Science Grid,enumeration_text
260,1,isotropic,enumeration_text
260,2,anisotropic,enumeration_text
260,3,solid,enumeration_text
259,1,DGSA-distance geometry simulated annealing,enumeration_text
259,2,distance geometry,enumeration_text
259,3,simulated annealing,enumeration_text
259,4,molecular dynamics,enumeration_text
259,5,matrix relaxation,enumeration_text
259,6,torsion angle dynamics,enumeration_text
259,7,na,enumeration_text
257,1,all calculated structures submitted,enumeration_text
257,2,back calculated data agree with experimental NOESY spectrum,enumeration_text
257,3,structures with the lowest energy,enumeration_text
257,4,structures with the least restraint violations,enumeration_text
257,5,structures with acceptable covalent geometry,enumeration_text
257,6,structures with favorable non-bond energy,enumeration_text
257,7,target function,enumeration_text
258,1,closest to the average,enumeration_text
258,2,lowest energy,enumeration_text
258,3,fewest violations,enumeration_text
258,4,minimized average structure,enumeration_text
275,1,ambi,enumeration_text
275,2,simple,enumeration_text
274,1,Not applicable,enumeration_text
274,2,NOE,enumeration_text
274,3,NOE buildup,enumeration_text
274,4,NOE not seen,enumeration_text
274,5,general distance,enumeration_text
274,6,alignment tensor,enumeration_text
274,7,chirality,enumeration_text
274,8,prochirality,enumeration_text
274,9,disulfide bond,enumeration_text
274,10,hydrogen bond,enumeration_text
274,11,symmetry,enumeration_text
274,12,ROE,enumeration_text
274,13,peptide,enumeration_text
274,14,ring,enumeration_text
274,15,PRE,enumeration_text
273,1,distance,enumeration_text
273,2,dipolar coupling,enumeration_text
273,3,protein dihedral angle,enumeration_text
273,4,nucleic acid dihedral angle,enumeration_text
273,5,coupling constant,enumeration_text
273,6,chemical shift,enumeration_text
273,7,other angle,enumeration_text
273,8,chemical shift anisotropy,enumeration_text
273,9,hydrogen exchange,enumeration_text
273,10,line broadening,enumeration_text
273,11,pseudocontact shift,enumeration_text
273,12,intervector projection angle,enumeration_text
273,13,protein peptide planarity,enumeration_text
273,14,protein other kinds of constraints,enumeration_text
273,15,nucleic acid base planarity,enumeration_text
273,16,nucleic acid other kinds of constraints,enumeration_text
272,1,AMBER,enumeration_text
272,2,ARIA,enumeration_text
272,3,CNS,enumeration_text
272,4,CYANA,enumeration_text
272,5,DISCOVER,enumeration_text
272,6,TALOS,enumeration_text
272,7,X-PLOR,enumeration_text
272,8,NMR-STAR,enumeration_text
271,1,calculated over all dihedral constraints,enumeration_text
271,2,calculated for dihedral violations only,enumeration_text
270,1,calculated over all distance constraints,enumeration_text
270,2,calculated for distance violations only,enumeration_text
267,1,r-6,R=(<Rij^-6>)^(-1/6)$ X-PLOR formula 18.1. Rij runs over all combinations of distance constraints between  atoms i in set 1 and atoms j in set 2.
267,2,r-3,R=(<Rij^-3>)^(-1/3)$ X-PLOR formula 18.2.
267,3,sum,R=(SUM(Rij^-6)/n_mono)^(-1/6)$ X-PLOR formula 18.3.
267,4,center,R= r1_center-r2_center$ X-PLOR formula 18.4.
266,1,Tryptophan ring proton NOE intensities,enumeration_text
266,2,Glycine alpha proton NOE intensities,enumeration_text
269,1,r-6,R=(<Rij^-6>)^(-1/6)$ X-PLOR formula 18.1. Rij runs over all combinations of distance constraints between  atoms i in set 1 and atoms j in set 2.
269,2,r-3,R=(<Rij^-3>)^(-1/3)$ X-PLOR formula 18.2.
269,3,sum,R=(SUM(Rij^-6)/n_mono)^(-1/6)$ X-PLOR formula 18.3.
269,4,center,R= r1_center-r2_center$ X-PLOR formula 18.4.
268,1,Tryptophan ring proton NOE intensities,enumeration_text
268,2,Glycine alpha proton NOE intensities,enumeration_text
27,1,Sr.,Senior
27,2,Jr.,Junior
27,3,I,First
27,4,II,Second
27,5,III,Third
27,6,IV,Fourth
27,7,V,Fifth
26,1,Dr.,enumeration_text
26,2,Prof.,enumeration_text
26,3,Mr.,enumeration_text
26,4,Ms.,enumeration_text
26,5,Mrs.,enumeration_text
29,1,academic,enumeration_text
29,2,commercial,enumeration_text
29,3,government,enumeration_text
29,4,other,enumeration_text
28,1,principal investigator,enumeration_text
28,2,responsible scientist,enumeration_text
28,3,investigator,enumeration_text
170,1,isotropic,enumeration_text
170,2,anisotropic,enumeration_text
170,3,solid,enumeration_text
169,1,400,enumeration_text
169,2,500,enumeration_text
169,3,600,enumeration_text
169,4,700,enumeration_text
169,5,750,enumeration_text
169,6,800,enumeration_text
169,7,850,enumeration_text
169,8,900,enumeration_text
169,9,920,enumeration_text
169,10,950,enumeration_text
169,11,1000,enumeration_text
169,12,1100,enumeration_text
243,1,isotropic,enumeration_text
243,2,anisotropic,enumeration_text
243,3,solid,enumeration_text
242,1,s-1,enumeration_text
242,2,ms-1,enumeration_text
242,3,us-1,enumeration_text
239,1,isotropic,enumeration_text
239,2,anisotropic,enumeration_text
239,3,solid,enumeration_text
238,1,s-1,enumeration_text
238,2,ms-1,enumeration_text
238,3,us-1,enumeration_text
188,1,isotropic,enumeration_text
188,2,anisotropic,enumeration_text
188,3,solid,enumeration_text
253,1,isotropic,enumeration_text
253,2,anisotropic,enumeration_text
253,3,solid,enumeration_text
35,1,assigned_chemical_shifts,enumeration_text
35,2,theoretical_chem_shifts,enumeration_text
35,3,chem_shift_perturbation,enumeration_text
35,4,chemical_rates,enumeration_text
35,5,coupling_constants,enumeration_text
35,6,theoretical_coupling_constants,enumeration_text
35,7,spectral_peak_list,enumeration_text
35,8,other_data_list,enumeration_text
35,9,RDCs,enumeration_text
35,10,order_parameters,enumeration_text
35,11,dipolar_couplings,enumeration_text
35,12,spectral_density_values,enumeration_text
35,13,H_exch_rates,enumeration_text
35,14,H_exch_protection_factors,enumeration_text
35,15,pKa_value_data_set,enumeration_text
35,16,pH_NMR_param_list,enumeration_text
35,17,binding_constants,enumeration_text
35,18,D_H_fractionation_factors,enumeration_text
35,19,molecular_axis_determinations,enumeration_text
35,20,deduced_secd_struct_features,enumeration_text
35,21,deduced_hydrogen_bonds,enumeration_text
35,22,representative_conformer,enumeration_text
35,23,conformer_family_coord_set,enumeration_text
35,24,general_relaxation,enumeration_text
35,25,heteronucl_T1_relaxation,enumeration_text
35,26,theoretical_heteronucl_T1_relaxation,enumeration_text
35,27,heteronucl_T1rho_relaxation,enumeration_text
35,28,heteronucl_T2_relaxation,enumeration_text
35,29,theoretical_heteronucl_T2_relaxation,enumeration_text
35,30,heteronucl_NOEs,enumeration_text
35,31,theoretical_heteronucl_NOEs,enumeration_text
35,32,homonucl_NOEs,enumeration_text
35,33,dipole_dipole_relaxation,enumeration_text
35,34,dipole_dipole_cross_correlations,enumeration_text
35,35,theoretical_dipole_dipole_cross_correlations,enumeration_text
35,36,CSA_CSA_cross_correlation_relaxation,enumeration_text
35,37,dipole_CSA_cross_correlation_relaxation,enumeration_text
36,1,1H chemical shifts,enumeration_text
36,2,2H chemical shifts,enumeration_text
36,3,3H chemical shifts,enumeration_text
36,4,13C chemical shifts,enumeration_text
36,5,15N chemical shifts,enumeration_text
36,6,31P chemical shifts,enumeration_text
36,7,111Cd chemical shifts,enumeration_text
36,8,113Cd chemical shifts,enumeration_text
36,9,theoretical 1H chemical shifts,enumeration_text
36,10,theoretical 13C chemical shifts,enumeration_text
36,11,theoretical 15N chemical shifts,enumeration_text
36,12,chemical rates,enumeration_text
36,13,coupling constants,enumeration_text
36,14,theoretical coupling constants,enumeration_text
36,15,chemical shift isotope effects,enumeration_text
36,16,chemical shift perturbation values,enumeration_text
36,17,T1 relaxation values,enumeration_text
36,18,theoretical T1 relaxation values,enumeration_text
36,19,T1rho relaxation values,enumeration_text
36,20,T2 relaxation values,enumeration_text
36,21,theoretical T2 relaxation values,enumeration_text
36,22,dipole-dipole relaxation values,enumeration_text
36,23,dipole-dipole cross correlation relaxation values,enumeration_text
36,24,theoretical dipole-dipole cross-correlation values,enumeration_text
36,25,chemical shift anisotropy values,enumeration_text
36,26,chemical shift anisotropy tensor values,enumeration_text
36,27,quadrupolar couplings,enumeration_text
36,28,theoretical chemical shifts,enumeration_text
36,29,chemical shift tensors,enumeration_text
36,30,residual dipolar couplings,enumeration_text
36,31,dipolar coupling values,enumeration_text
36,32,dipolar coupling tensor values,enumeration_text
36,33,heteronuclear NOE values,enumeration_text
36,34,theoretical heteronuclear NOE values,enumeration_text
36,35,homonuclear NOE values,enumeration_text
36,36,order parameters,enumeration_text
36,37,spectral density values,enumeration_text
36,38,H exchange rates,enumeration_text
36,39,H exchange protection factors,enumeration_text
36,40,pKa values,enumeration_text
36,41,pH NMR parameter values,enumeration_text
36,42,binding constants,enumeration_text
36,43,D/H fractionation factors,enumeration_text
36,44,bond orientation values,enumeration_text
36,45,deduced secondary structure values,enumeration_text
36,46,deduced hydrogen bonds,enumeration_text
36,47,distance constraints,"NOE distance constraints between two sets of atoms in which each set has at least one atom. Multiple atoms in one set should be represented by a standard single pseudoatom. If this is not possible then the constraint having such a set of atoms should be considered an ambiguous NOE distance constraint for this
purpose. E.g. restaint between
( Chain A Residue number 1 Residue name LEU Atom name QD) and
( Chain A Residue number 1 Residue name LEU Atom name HA)"
36,48,ambiguous distance constraints,"Any NOE distance constraint that has at least one set of atoms that can not be represented by a standard single pseudoatom. E.g. restaint between
( Chain (A or B) Residue number 1 Residue name LEU Atom name HB2) and
( Chain A        Residue number 1 Residue name LEU Atom name HA)"
36,49,hydrogen bond distance constraints,Distance constraints to constraint a hydrogen bond. Often two distance constraints for one hydrogen bond in order to set the bond length as well as the directionality of the bond.
36,50,torsion angle constraints,Dihedral angle constraint
36,51,chemical shift constraints,Chemical shift of e.g. a proton or carbon nucleus implemented as a constraint.
36,52,symmetry constraints,Restraining (or constraining) symmetry between multiple copies of (part of) similar structures.
36,53,19F chemical shifts,enumeration_text
36,54,6Li chemical shifts,enumeration_text
36,55,10B chemical shifts,enumeration_text
36,56,11B chemical shifts,enumeration_text
36,57,17O chemical shifts,enumeration_text
36,58,23Na chemical shifts,enumeration_text
36,59,29Si chemical shifts,enumeration_text
36,60,35Cl chemical shifts,enumeration_text
36,61,129Xe chemical shifts,enumeration_text
36,62,195Pt chemical shifts,enumeration_text
256,1,isotropic,enumeration_text
256,2,anisotropic,enumeration_text
256,3,solid,enumeration_text
255,1,isotropic,enumeration_text
255,2,anisotropic,enumeration_text
255,3,solid,enumeration_text
2,1,mmCIF,enumeration_text
2,2,PDB,enumeration_text
3,1,ARIA,enumeration_text
3,2,CNS,enumeration_text
3,3,CYANA,enumeration_text
3,4,DISCOVER,enumeration_text
3,5,X-PLOR,enumeration_text
190,1,isotropic,enumeration_text
190,2,anisotropic,enumeration_text
190,3,solid,enumeration_text
237,1,isotropic,enumeration_text
237,2,anisotropic,enumeration_text
237,3,solid,enumeration_text
236,1,s-1,enumeration_text
236,2,ms-1,enumeration_text
236,3,us-1,enumeration_text
290,1,averaging method,enumeration_text
290,2,number monomers,enumeration_text
290,3,pseudoatom corrections,enumeration_text
290,4,potential function,enumeration_text
290,5,temperature,enumeration_text
290,6,exponent,enumeration_text
290,7,switch distance,enumeration_text
290,8,asymptote slope,enumeration_text
290,9,B_high,enumeration_text
290,10,ceiling,enumeration_text
290,11,negative offset,enumeration_text
290,12,scaling constant,enumeration_text
289,1,isotropic,enumeration_text
289,2,anisotropic,enumeration_text
289,3,solid,enumeration_text
288,1,NOE,Distance constraints determined from NOE experiments
288,2,NOE build-up,Distance constraints determined from a series of NOE experiments with different mixing times
288,3,NOE not seen,Distance constraints supplied when an expected NOE was not observed
288,4,ROE,Distance constraints determined from ROE experiments
288,5,ROE build-up,Distance constraints determine from a series of ROE experiments with different mixing times
288,6,hydrogen bond,Hydrogen bond distance constraints
288,7,disulfide bond,Disulfide bond distance constraints
288,8,paramagnetic relaxation,Distance constraints determined from paramagnetic relaxation studies
288,9,symmetry,Distance constraint enforces symmetry - for example to enforce symmetry between monomers in a multimer
288,10,general distance,Specific distance constraint is not known
143,1,ml,enumeration_text
51,1,native,The entity in the assembly is in a biologically native state usually in a folded conformation
51,2,denatured,The entity in the assembly is in a non-native state usually caused by the addition of denaturing agents like urea or guanidine hydrochloride
51,3,molten globule,A state somewhere between a native folded state and an unfolded state caused by environmental effects like pH or temperature
51,4,unfolded,The entity in the assembly is in a state where little or no secondary structure exists but is not an IDP/IDR
51,5,intrinsically disordered,The entity in the assembly is considered an intrinsically disorder biopolymer (IDP) where the native state involves little organized secondary structure
51,6,partially disordered,The entity in the assembly contains regions of disordered structure (IDR) but is not fully unfolded or fully disordered
51,7,na,The physical state of the entity in the assembly is an unknown physical state or may be in exchange between different physical states
66,1,amide,enumeration_text
66,2,covalent,enumeration_text
66,3,directed,enumeration_text
66,4,disulfide,enumeration_text
66,5,ester,enumeration_text
66,6,ether,enumeration_text
66,7,hydrogen,enumeration_text
66,8,metal coordination,enumeration_text
66,9,peptide,enumeration_text
66,10,thioether,enumeration_text
66,11,oxime,enumeration_text
66,12,thioester,enumeration_text
66,13,phosphoester,enumeration_text
66,14,phosphodiester,enumeration_text
66,15,diselenide,enumeration_text
66,16,na,enumeration_text
67,1,sing,single bond
67,2,doub,double bond
67,3,trip,triple bond
67,4,quad,quadruple bond
67,5,arom,aromatic bond
67,6,poly,polymeric bond
67,7,delo,delocalized double bond
67,8,pi,pi bond
67,9,directed,N ->O
64,1,common,An often used full name for the entity
64,2,abbreviation,Common abbreviation used in the literature for the entity
64,3,synonym,A synonym used for the entity
62,1,BMRB,enumeration_text
62,2,DBJ,enumeration_text
62,3,EMBL,enumeration_text
62,4,GB,enumeration_text
62,5,PDB,enumeration_text
62,6,PIR,enumeration_text
62,7,PRF,enumeration_text
62,8,REF,enumeration_text
62,9,SP,enumeration_text
62,10,UNP,enumeration_text
62,11,NCBI,enumeration_text
62,12,HUGO,HUGO Gene Nomenclature Committee
62,13,tRNADB,transfer RNA database
62,14,BMRB(withdrawn),enumeration_text
63,1,solution NMR,enumeration_text
63,2,solid-state NMR,enumeration_text
63,3,X-ray crystallography,enumeration_text
78,1,Escherichia,enumeration_text
77,1,Escherichia coli,enumeration_text
77,2,Aspergillus niger,enumeration_text
77,3,Cricetulus griseus,enumeration_text
77,4,Desulfovibrio desulfuricans,enumeration_text
77,5,Pichia pastoris,enumeration_text
77,6,Saccharomyces cerevisiae,enumeration_text
77,7,Spodoptera frugiperda,enumeration_text
77,8,wheat germ - cell free,enumeration_text
77,9,E. coli - cell free,enumeration_text
79,1,coli,enumeration_text
76,1,recombinant technology,enumeration_text
76,2,purified from the natural source,Obtained from the native organism that produces the biomolecule in nature.
76,3,chemical synthesis,Select this option if the molecule was generated primarily by chemical synthesis techniques.
76,4,cell free synthesis,enumeration_text
76,5,enzymatic semisynthesis,enumeration_text
76,6,reverse transcriptase,Method used to synthesize RNA.
76,7,obtained from a collaborator,Select this option if the molecule was obtained from a collaborator.
76,8,obtained from a vendor,Select this option if the molecule was obtained from a commercial vendor or academic unit that produces materials as a service.  DO NOT select this option if the material was provided by an academic or industrial research collaborator.
76,9,na,not available
80,1,plasmid,enumeration_text
80,2,baculovirus,enumeration_text
80,3,other virus,enumeration_text
80,4,cosmid,enumeration_text
71,1,Metazoa,multi-cellular motile organisms that feed heterotrophically
71,2,Fungi,enumeration_text
71,3,Viridiplantae,multi-cellular organisms that feed by photosynthesis
71,4,Protista,protozoa and single-celled eukaryotic algae
71,5,Not applicable,enumeration_text
72,1,brain,enumeration_text
72,2,heart,enumeration_text
72,3,intestine,enumeration_text
72,4,kidney,enumeration_text
72,5,liver,enumeration_text
72,6,lung,enumeration_text
72,7,pancreas,enumeration_text
72,8,skin,enumeration_text
72,9,testicle,enumeration_text
72,10,leaf,enumeration_text
72,11,venom gland,enumeration_text
72,12,"oral mucosa, submandibular-sublingual glands",enumeration_text
72,13,salivary glands,enumeration_text
72,14,oocyte,enumeration_text
72,15,breast,enumeration_text
72,16,stomach,enumeration_text
72,17,electric organ,enumeration_text
72,18,eye,enumeration_text
72,19,ileum,enumeration_text
72,20,small intestine,enumeration_text
72,21,seed,enumeration_text
72,22,blood,enumeration_text
72,23,duodendum,enumeration_text
72,24,jejunum,enumeration_text
72,25,vulva,enumeration_text
72,26,hepatopancreas,enumeration_text
72,27,placenta,enumeration_text
72,28,skeletal muscle,enumeration_text
72,29,aorta,enumeration_text
72,30,telson,enumeration_text
72,31,ubiquitous,enumeration_text
72,32,aciniform gland,enumeration_text
72,33,endoskeleton,enumeration_text
72,34,heamolymph,enumeration_text
72,35,mucous epithelium,enumeration_text
72,36,cardiac skeletal muscle,enumeration_text
72,37,seminal vesicles,enumeration_text
72,38,antennae,enumeration_text
72,39,fruit,enumeration_text
72,40,thymus,enumeration_text
72,41,egg white,enumeration_text
72,42,na,enumeration_text
74,1,chloroplast,enumeration_text
74,2,endoplasmic reticulum,enumeration_text
74,3,golgi apparatus,enumeration_text
74,4,mitochondria,enumeration_text
74,5,nucleus,enumeration_text
74,6,vacuole,enumeration_text
74,7,acrosome,enumeration_text
74,8,autophagosome,enumeration_text
74,9,centriole,enumeration_text
74,10,cilium,enumeration_text
74,11,eyespot apparatus,enumeration_text
74,12,glycosome,enumeration_text
74,13,glyoxysome,enumeration_text
74,14,hydrogenosome,enumeration_text
74,15,lysosome,enumeration_text
74,16,melanosome,enumeration_text
74,17,mitosome,enumeration_text
74,18,myofibril,enumeration_text
74,19,nucleolus,enumeration_text
74,20,parenthesome,enumeration_text
74,21,peroxisome,enumeration_text
74,22,proteasome,enumeration_text
74,23,ribosome,enumeration_text
74,24,vesicle,enumeration_text
74,25,cytosol,enumeration_text
74,26,cytoskeleton,enumeration_text
74,27,endomembrane system,enumeration_text
74,28,nucleosome,enumeration_text
74,29,microtubule,enumeration_text
74,30,cell membrane,enumeration_text
69,1,Homo sapiens,enumeration_text
69,2,Escherichia coli,enumeration_text
69,3,Mus musculus,enumeration_text
69,4,Rattus norvegicus,enumeration_text
69,5,Saccharomyces cerevisiae,enumeration_text
69,6,Bos taurus,enumeration_text
69,7,Bos primigenius,enumeration_text
69,8,Gallus gallus,enumeration_text
69,9,Maleagris gallopavo,enumeration_text
69,10,Drosophila melanogaster,enumeration_text
69,11,Bacillus subtilis,enumeration_text
69,12,Arabidopsis thaliana,enumeration_text
69,13,Staphylococcus aureus,enumeration_text
69,14,Oryctolagus cuniculus,enumeration_text
69,15,Clostridium pasteurianum,enumeration_text
69,16,Equus caballus,enumeration_text
69,17,Pseudomonas aeruginosa,enumeration_text
69,18,Thermotoga maritima,enumeration_text
69,19,Thermus thermophilus,enumeration_text
69,20,Methanobacterium thermoautotrophicum,enumeration_text
69,21,Xenopus laevis,enumeration_text
69,22,Amaranthus caudatus,enumeration_text
69,23,Anabaena variabilis,enumeration_text
69,24,Anemonia sulcata,enumeration_text
69,25,Apis mellifera,enumeration_text
69,26,Aquifex aeolicus,enumeration_text
69,27,Arachis hypogea,enumeration_text
69,28,Azotobacter vinelandii,enumeration_text
69,29,Bacillus amyloliquefaciens,enumeration_text
69,30,Bacillus circulans,enumeration_text
69,31,Bacillus pasteurii,enumeration_text
69,32,Bacillus stearothermophilus,enumeration_text
69,33,Bombyx mori,enumeration_text
69,34,Borrelia burgdorferi,enumeration_text
69,35,Bungarus multicinctus,enumeration_text
69,36,Caenorhabditis elegans,enumeration_text
69,37,Canis familiaris,enumeration_text
69,38,Centruroides noxius,enumeration_text
69,39,Chlamydomonas reinhardtii,enumeration_text
69,40,Conus geographus,enumeration_text
69,41,Conus imperialis,enumeration_text
69,42,Conus purpurascens,enumeration_text
69,43,Cricetulus griseus,enumeration_text
69,44,Cucurbita maxima,enumeration_text
69,45,Desulfovibrio gigas,enumeration_text
69,46,Desulfovibrio vulgaris,enumeration_text
69,47,Enterococcus faecalis,enumeration_text
69,48,Glycera dibranchiata,enumeration_text
69,49,Hadronyche versuta,enumeration_text
69,50,Haemophilus influenzae,enumeration_text
69,51,Halobacterium halobium,enumeration_text
69,52,Hirudo medicinalis,enumeration_text
69,53,HIV,enumeration_text
69,54,Hordeum vulgare,enumeration_text
69,55,Hydrogenobacter thermophilus,enumeration_text
69,56,Lactobacillus casei,enumeration_text
69,57,Lactococcus lactis,enumeration_text
69,58,Leiurus quinquestriatus,enumeration_text
69,59,Lentivirus human immunodeficiency virus,enumeration_text
69,60,Methanococcus jannaschii,enumeration_text
69,61,Methanococcus thermolithotrophicus,enumeration_text
69,62,Methanothermobacter thermautotrophicus,enumeration_text
69,63,Morbillivirus,enumeration_text
69,64,Mycobacterium tuberculosis,enumeration_text
69,65,Naja oxiana,enumeration_text
69,66,Neisseria meningitidis,enumeration_text
69,67,Neurospora crassa,enumeration_text
69,68,Opisthacanthus madagascariensis,enumeration_text
69,69,Oryza sativa,enumeration_text
69,70,Ovis aries,enumeration_text
69,71,Pandinus imperator,enumeration_text
69,72,Paracoccus denitrificans,enumeration_text
69,73,Physeter catodon,enumeration_text
69,74,Pisum sativum,enumeration_text
69,75,Pseudomonas putida,enumeration_text
69,76,Pyrococcus furiosus,enumeration_text
69,77,Rana catesbeiana,enumeration_text
69,78,Rhodobacter sphaeroides,enumeration_text
69,79,Rhodospirillum rubrum,enumeration_text
69,80,Salmonella typhimurium,enumeration_text
69,81,Schizosaccharomyces pombe,enumeration_text
69,82,Selenocosmia hainana,enumeration_text
69,83,Solanum tuberosum,enumeration_text
69,84,Streptomyces carzinostaticus,enumeration_text
69,85,Sulfolobus solfataricus,enumeration_text
69,86,Sus scrofa,enumeration_text
69,87,Thermoplasma acidophilum,enumeration_text
69,88,Thermosynechococcus elongatus,enumeration_text
69,89,Trichoderma reesei,enumeration_text
75,1,saliva,enumeration_text
75,2,semen,enumeration_text
75,3,vaginal fluid,enumeration_text
75,4,venom,enumeration_text
75,5,hen egg white,enumeration_text
75,6,sensillum lymph,enumeration_text
75,7,milk,enumeration_text
75,8,blood,enumeration_text
75,9,dermal,enumeration_text
75,10,urine,enumeration_text
75,11,extracellular,enumeration_text
75,12,cement,enumeration_text
70,1,Archaea,enumeration_text
70,2,Bacteria,prokaryotes
70,3,Eukaryota,enumeration_text
70,4,Viroid,enumeration_text
70,5,Viruses,enumeration_text
70,6,Other,enumeration_text
70,7,Unclassified,enumeration_text
73,1,skin,enumeration_text
68,1,organism,enumeration_text
68,2,virus,enumeration_text
68,3,plasmid,enumeration_text
68,4,cosmid,enumeration_text
68,5,multiple natural sources,enumeration_text
68,6,no natural source,enumeration_text
68,7,not applicable,enumeration_text
65,1,IUPAC,enumeration_text
65,2,CAS name,enumeration_text
65,3,CAS registry number,enumeration_text
65,4,BMRB,enumeration_text
65,5,Three letter code,enumeration_text
65,6,Pfam,enumeration_text
65,7,Swiss-Prot,enumeration_text
65,8,EC,enumeration_text
65,9,NCBI,enumeration_text
59,1,protein,enumeration_text
59,2,DNA,enumeration_text
59,3,RNA,enumeration_text
59,4,DNA/RNA hybrid,enumeration_text
59,5,polysaccharide,enumeration_text
60,1,polypeptide(L),L-protein
60,2,polydeoxyribonucleotide,DNA
60,3,polyribonucleotide,RNA
60,4,polydeoxyribonucleotide/polyribonucleotide hybrid,A nucleic acid containing a combination of DNA and RNA monomers
60,5,polypeptide(D),A polypeptide with a majority of amino acids in the D configuration
60,6,polysaccharide(D),A carbohydrate with the majority of the monomers having a D configuration
60,7,polysaccharide(L),A carbohydrate with the majority of the monomers having an L configuration
60,8,cyclic-pseudo-peptide,enumeration_text
60,9,other,enumeration_text
61,1,all disulfide bound,enumeration_text
61,2,all other bound,enumeration_text
61,3,all free,enumeration_text
61,4,not present,Thiols are not present in the system.
61,5,not available,The oxidation state of the thiols could not be extracted from the literature or was not provided by the authors of the entry.
61,6,unknown,The author reported that the oxidation state of the thiols is unknown.
61,7,not reported,enumeration_text
61,8,free and disulfide bound,enumeration_text
61,9,free and other bound,enumeration_text
61,10,free disulfide and other bound,enumeration_text
61,11,disulfide and other bound,enumeration_text
58,1,polymer,A biological polymer (protein$ peptide$ nucleic acid$ etc.)
58,2,non-polymer,Ligand$ metal ion$ or other non-polymeric molecule
58,3,water,Water is defined as a special case. Multiple water molecules may be components of the molecular assembly$ but are not assigned unique entity_assembly_ID values.
58,4,aggregate,Used where a large number of molecules are reported as part of a molecular assembly$ but are not listed individually as components of the assembly and are not assigned unique entity_assembly_ID values. One entity_assembly_ID value is used to represent the aggregate number of molecules of a specific compound.
58,5,solvent,Applies to compounds other than water that are part of molecular assembly$ but are not assigned unique entity_assembly_ID values. One entity_assembly_ID value is used to represent all molecules of a specific compound.
30,1,Sr.,Senior
30,2,Jr.,Junior
30,3,I,First
30,4,II,Second
30,5,III,Third
30,6,IV,Fourth
30,7,V,Fifth
24,1,NMR,enumeration_text
24,2,X-ray,enumeration_text
24,3,SAXS,enumeration_text
24,4,WAXS,enumeration_text
24,5,EMR,enumeration_text
24,6,FRET,enumeration_text
24,7,MS,enumeration_text
24,8,Theoretical,enumeration_text
24,9,MD,enumeration_text
25,1,solution,Experiments using solution samples
25,2,solid-state,Experiments using samples in the solid-state
1,1,PDB/BMRB,enumeration_text
1,2,BMRB Only,enumeration_text
34,1,Accelerated Technologies Center for Gene to 3D Structure,enumeration_text
34,2,Assembly$ Dynamics and Evolution of Cell-Cell and Cell-Matrix Adhesions,enumeration_text
34,3,Architecture and Function of Biological Macromolecules Structure Genomics,ASG
34,4,Atoms-to-Animals: The Immune Function Network,enumeration_text
34,5,Bacterial targets at IGS-CNRS$ France,enumeration_text
34,6,Berkeley Structural Genomics Center,BSGC
34,7,Center for Eukaryotic Structural Genomics,CESG
34,8,Center for High-Throughput Structural Biology,enumeration_text
34,9,Center for Membrane Proteins of Infectious Diseases,enumeration_text
34,10,Center for Structural Genomics of Infectious Diseases,enumeration_text
34,11,Center for Structures of Membrane Proteins,enumeration_text
34,12,Center for the X-ray Structure Determination of Human Transporters,enumeration_text
34,13,Chaperone-Enabled Studies of Epigenetic Regulation Enzymes,enumeration_text
34,14,Enzyme Discovery for Natural Product Biosynthesis,enumeration_text
34,15,GPCR Network,enumeration_text
34,16,Integrated Center for Structure and Function Innovation,enumeration_text
34,17,Israel Structural Proteomics Center,enumeration_text
34,18,Joint Center for Structural Genomics,JCSG
34,19,Marseilles Structural Genomics Program @ AFMB,enumeration_text
34,20,Medical Structural Genomics of Pathogenic Protozoa,enumeration_text
34,21,Membrane Protein Structural Biology Consortium,enumeration_text
34,22,Membrane Protein Structures by Solution NMR,enumeration_text
34,23,Midwest Center for Structural Genomics,MCSG
34,24,Mitochondrial Protein Partnership,enumeration_text
34,25,Montreal-Kingston Bacterial Structural Genomics Initiative,enumeration_text
34,26,Mycobacterium Tuberculosis Structural Proteomics Project,enumeration_text
34,27,New York Consortium on Membrane Protein Structure,enumeration_text
34,28,New York SGX Research Center for Structural Genomics,enumeration_text
34,29,New York Structural Genomics Research Consortium,NYSGRC
34,30,New York Structural GenomiX Research Consortium,enumeration_text
34,31,Northeast Structural Genomics Consortium,enumeration_text
34,32,North West Structural Genomics Centre,NWSGC
34,33,Nucleocytoplasmic Transport: a Target for Cellular Control,enumeration_text
34,34,Ontario Centre for Structural Proteomics,enumeration_text
34,35,Oxford Protein Production Facility,enumeration_text
34,36,Paris-Sud Yeast Structural Genomics,enumeration_text
34,37,Partnership for Stem Cell Biology,enumeration_text
34,38,Partnership for T-Cell Biology,enumeration_text
34,39,Program for the Characterization of Secreted Effector Proteins,enumeration_text
34,40,Protein Structure Factory,enumeration_text
34,41,RIKEN Structural Genomics/Proteomics Initiative,enumeration_text
34,42,Scottish Structural Proteomics Facility,enumeration_text
34,43,Seattle Structural Genomics Center for Infectious Disease,enumeration_text
34,44,Southeast Collaboratory for Structural Genomics,enumeration_text
34,45,Structural Genomics Consortium,enumeration_text
34,46,Structural Genomics Consortium for Research on Gene Expression,enumeration_text
34,47,Structural Genomics of Pathogenic Protozoa Consortium,enumeration_text
34,48,Structural Proteomics in Europe,enumeration_text
34,49,Structural Proteomics in Europe 2,enumeration_text
34,50,Structure 2 Function Project,enumeration_text
34,51,Structure$ Dynamics and Activation Mechanisms of Chemokine Receptors,enumeration_text
34,52,Structure-Function Studies of Tight Junction Membrane Proteins,enumeration_text
34,53,Structures of Mtb Proteins Conferring Susceptibility to Known Mtb Inhibitors,enumeration_text
34,54,TB Structural Genomics Consortium,enumeration_text
34,55,Transcontinental EM Initiative for Membrane Protein Structure,enumeration_text
34,56,Transmembrane Protein Center,enumeration_text
34,57,Yeast Structural Genomics,YSG
23,1,REL,Release
23,2,HOLD,On hold until yyyy-mm-dd
23,3,HPUB,On hold until publication
23,4,OBS,Entry has been obsoleted and replaced by another entry
23,5,WDRN,Entry has been withdrawn by depositor
20,1,CASP,enumeration_text
20,2,CASD-NMR,enumeration_text
20,3,FoldIt,enumeration_text
20,4,GPCR Dock,enumeration_text
17,1,Release now,Release immediately
17,2,Hold for publication,Hold until primary citation is published
17,3,Hold for 4 weeks,Hold for 4 weeks
17,4,Hold for 8 weeks,Hold for 8 weeks
17,5,Hold for 6 months,Hold for 6 months
17,6,Hold for 1 year,Hold for 1 year
15,1,Release now,Release immediately
15,2,Hold for publication,Hold until primary citation is published
15,3,Hold for 4 weeks,Hold for 4 weeks
15,4,Hold for 8 weeks,Hold for 8 weeks
15,5,Hold for 6 months,Hold for 6 months
15,6,Hold for 1 year,Hold for 1 year
16,1,Release now,Release immediately
16,2,Hold for publication,Hold until primary citation is published
16,3,Hold for 4 weeks,Hold for 4 weeks
16,4,Hold for 8 weeks,Hold for 8 weeks
16,5,Hold for 6 months,Hold for 6 months
16,6,Hold for 1 year,Hold for 1 year
18,1,Release now,Release immediately
18,2,Hold for publication,Hold until primary citation is published
18,3,Hold for 4 weeks,Hold for 4 weeks
18,4,Hold for 8 weeks,Hold for 8 weeks
18,5,Hold for 6 months,Hold for 6 months
18,6,Hold for 1 year,Hold for 1 year
19,1,Release now,Release sequence information in status reports immediately
19,2,Hold for release,Conceal sequence information in status reports until coordinate data are released
13,1,NMR,enumeration_text
13,2,Theoretical,enumeration_text
14,1,solution,Experiments using solution samples
14,2,solid-state,Experiments using samples in the solid-state
14,3,theoretical,Data derived from theoretical calculations
10,1,NMR-STAR,NMR-STAR file format
11,1,1.0,enumeration_text
11,2,2.0,enumeration_text
11,3,2.1,enumeration_text
11,4,2.1.1,enumeration_text
11,5,3.1,enumeration_text
11,6,3.0.8.59,enumeration_text
11,7,3.0.8.112,enumeration_text
11,8,3.1.1.15,enumeration_text
11,9,3.1.0.44,enumeration_text
11,10,3.1.1.1,enumeration_text
11,11,3.1.0.52,enumeration_text
11,12,3.0.9.14,enumeration_text
11,13,3.0.8.125,enumeration_text
11,14,3.1.1.16,enumeration_text
11,15,3.0.2.8,enumeration_text
11,16,3.0.8.76,enumeration_text
11,17,3.0.8.96,enumeration_text
11,18,3.0.8.78,enumeration_text
11,19,3.0.8.34,enumeration_text
11,20,3.0.8.109,enumeration_text
11,21,3.1.1.20,enumeration_text
11,22,3.0.8.120,enumeration_text
11,23,3.0.2.3,enumeration_text
11,24,3.0.9.2,enumeration_text
11,25,3.0,enumeration_text
11,26,3.1.1.24,enumeration_text
11,27,3.0.8.116,enumeration_text
11,28,3.0.8.100,enumeration_text
11,29,3.1.1.29,enumeration_text
11,30,3.1.1.19,enumeration_text
11,31,3.0.8.111,enumeration_text
11,32,3.0.2.2,enumeration_text
11,33,3.1.0.29,enumeration_text
11,34,3.1.1.14,enumeration_text
11,35,3.1.1.31,enumeration_text
11,36,3.0.8.94,enumeration_text
11,37,3.0.9.13,enumeration_text
11,38,3.1.0.41,enumeration_text
11,39,3.0.8.53,enumeration_text
11,40,3.1.1.21,enumeration_text
11,41,3.1.1.7,enumeration_text
11,42,3.1.1.40,enumeration_text
11,43,3.1.1.44,enumeration_text
11,44,3.1.1.61,enumeration_text
12,1,1.0,enumeration_text
12,2,2.0,enumeration_text
12,3,2.1,enumeration_text
12,4,2.1.1,enumeration_text
12,5,3.1,enumeration_text
12,6,3.0.8.100,enumeration_text
12,7,3.0.8.59,enumeration_text
12,8,3.0.8.58,enumeration_text
12,9,3.1.1.15,enumeration_text
12,10,3.0.8.112,enumeration_text
12,11,3.0.8.111,enumeration_text
12,12,3.0.2.8,enumeration_text
12,13,3.0.9.14,enumeration_text
12,14,3.0.8.125,enumeration_text
12,15,3.0.9.2,enumeration_text
12,16,3.0.8.96,enumeration_text
12,17,3.0.8.78,enumeration_text
12,18,3.0.8.34,enumeration_text
12,19,3.0.8.109,enumeration_text
12,20,3.0.8.120,enumeration_text
12,21,3.1.0.46,enumeration_text
12,22,3.1.1.31,enumeration_text
12,23,3.0.8.94,enumeration_text
12,24,3.1.1.21,enumeration_text
12,25,3.0.9.13,enumeration_text
12,26,3.0.8.116,enumeration_text
12,27,3.0.8.53,enumeration_text
21,1,Release now,Release immediately
21,2,Hold for publication,Hold until primary citation is published
21,3,Hold for 4 weeks,Hold for 4 weeks
21,4,Hold for 8 weeks,Hold for 8 weeks
21,5,Hold for 6 months,Hold for 6 months
21,6,Hold for 1 year,Hold for 1 year
22,1,REL,enumeration_text
22,2,HOLD,enumeration_text
22,3,REV,enumeration_text
22,4,BIB,enumeration_text
8,1,macromolecule,enumeration_text
8,2,metabolite,enumeration_text
8,3,natural product,enumeration_text
8,4,other small molecule,enumeration_text
8,5,biological small molecule structure,enumeration_text
9,1,original,The molecular system and reported data have not been deposited in the past by these authors.
9,2,update,The existing data in the entry with this BMRB accession number has been updated.
9,3,obsolete,The entry is no longer released by BMRB to the public.
133,1,NMR experiment directory,Contains variety of files for acquiring and processing the NMR experimental data
133,2,Time-domain (raw spectral data),enumeration_text
133,3,Pulse sequence image file,jpeg$ gif$ or other file type that is an image of the pulse sequence as shown as a figure in many publications
133,4,Pulse sequence,enumeration_text
133,5,Pulse field gradient,enumeration_text
133,6,Peak list,enumeration_text
133,7,Spectral image,enumeration_text
133,8,Acquisition parameters,enumeration_text
133,9,Processing parameters,enumeration_text
133,10,NUS schedule,non-uniform sampling schedule
133,11,na,enumeration_text
131,1,1D 1H,enumeration_text
131,2,1D 13C,enumeration_text
131,3,1D 15N,enumeration_text
131,4,1D 31P,enumeration_text
131,5,2D 1H-13C HMQC,enumeration_text
131,6,2D 1H-15N HSQC,enumeration_text
131,7,2D 1H-15N HSQC NH2 only,enumeration_text
131,8,2D 1H-15N TROSY,enumeration_text
131,9,2D 1H-13C HSQC,enumeration_text
131,10,2D 1H-13C HSQC/HMQC,enumeration_text
131,11,2D 1H-13C HSQC aliphatic,enumeration_text
131,12,2D 1H-13C HSQC aromatic,enumeration_text
131,13,2D 1H-1H TOCSY,enumeration_text
131,14,2D 1H-1H ROESY,enumeration_text
131,15,2D DQF-COSY,enumeration_text
131,16,2D 1H-1H COSY,enumeration_text
131,17,2D 1H-1H NOESY,enumeration_text
131,18,2D (HB)CB(CGCD)HD,enumeration_text
131,19,T1/R1 relaxation,enumeration_text
131,20,T1rho/R1rho relaxation,enumeration_text
131,21,T2/R2 relaxation,enumeration_text
131,22,1H-15N heteronoe,enumeration_text
131,23,JR NOESY,enumeration_text
131,24,L-PROSY NOESY,enumeration_text
131,25,3D CBCACONH,enumeration_text
131,26,3D CBCA(CO)NH,enumeration_text
131,27,3D CBCANH,enumeration_text
131,28,3D C(CO)NH,enumeration_text
131,29,3D HNCO,enumeration_text
131,30,3D HNCA,enumeration_text
131,31,3D HBHANH,enumeration_text
131,32,3D HNCACB,enumeration_text
131,33,3D HN(CA)CO,enumeration_text
131,34,3D HNCACO,enumeration_text
131,35,3D HBHA(CO)NH,enumeration_text
131,36,3D HN(CO)CA,enumeration_text
131,37,3D HN(CO)CACB,enumeration_text
131,38,3D CCH-TOCSY,enumeration_text
131,39,3D H(CCO)NH,enumeration_text
131,40,3D HCCH-TOCSY,enumeration_text
131,41,3D (H)CCH-TOCSY,enumeration_text
131,42,3D 15N-separated NOESY,enumeration_text
131,43,3D 13C-separated NOESY,enumeration_text
131,44,3D 1H-15N NOESY,enumeration_text
131,45,3D 1H-15N TOCSY,enumeration_text
131,46,3D 1H-13C NOESY,enumeration_text
131,47,3D 1H-13C NOESY aliphatic,enumeration_text
131,48,3D 1H-13C NOESY aromatic,enumeration_text
131,49,3D HNHA,enumeration_text
131,50,3D HNHB,enumeration_text
131,51,3D HCCH-COSY,enumeration_text
131,52,3D HCACO,enumeration_text
131,53,3D HN(COCA)CB,enumeration_text
131,54,4D CC NOESY,enumeration_text
131,55,4D 13C-separated NOESY,enumeration_text
131,56,5D APSY CBCACONH,enumeration_text
131,57,5D APSY HACACONH,enumeration_text
131,58,5D HN(CA)CONH,enumeration_text
131,59,15N-(1H) NOE,enumeration_text
131,60,13C-(1H) NOE,enumeration_text
131,61,DARR,SSNMR
131,62,2D DARR,SSNMR
131,63,2D 13C-13C DARR,SSNMR
131,64,CANcoCX,SSNMR
131,65,NCACX,SSNMR
131,66,NCOCX,SSNMR
131,67,CONCA,SSNMR
131,68,3D NCOCX,SSNMR
131,69,3D NCACX,SSNMR
131,70,PAIN,SSNMR
131,71,PAR,SSNMR
131,72,15N-1H solid-state de-HETCOR,SSNMR
131,73,FS-REDOR,SSNMR
131,74,2D 15N-13C TEDOR,SSNMR
131,75,CN TEDOR,SSNMR
131,76,2D 13C/13C PDSD,SSNMR
131,77,2D 13C/13C TOBSY,SSNMR
131,78,2D HBCBCGCDCEHE,SSNMR
131,79,2D HBCBCGCDHD,SSNMR
131,80,2D 13C-detected CORD,SSNMR
131,81,2D 13C-detected NCA,SSNMR
131,82,1H-detected (H)NH HETCOR,SSNMR
131,83,3D RNCSA,SSNMR
131,84,3D ROCSA,SSNMR
132,1,isotropic,enumeration_text
132,2,anisotropic,enumeration_text
301,1,RDC_constraints,enumeration_text
301,2,general_distance_constraints,enumeration_text
301,3,distance_constraints,enumeration_text
301,4,torsion_angle_constraints,enumeration_text
300,1,spectral_peak_list,enumeration_text
300,2,assigned_chemical_shifts,enumeration_text
300,3,coupling_constants,enumeration_text
276,1,distance term,enumeration_text
276,2,torsion angle term,enumeration_text
276,3,1J coupling term,enumeration_text
276,4,3J coupling term,enumeration_text
276,5,13C shift term,enumeration_text
276,6,1H shift term,enumeration_text
276,7,dipolar couplings term,enumeration_text
276,8,2H isotope shift term,enumeration_text
276,9,T1 term,enumeration_text
276,10,T2 term,enumeration_text
276,11,CSA term,enumeration_text
276,12,Pseudocontact shift term,enumeration_text
276,13,covalent geometry bond term,enumeration_text
276,14,covalent geometry angles term,enumeration_text
276,15,covalent geometry impropers term,enumeration_text
276,16,non-bonded van der Waals interaction term,enumeration_text
276,17,non-bonded radius of gyration interaction term,enumeration_text
277,1,kcal/mol*A2,bonds; distance; radius of gyration; planarity
277,2,kcal/mol*rad2,angle or dihedral angle
277,3,kcal/mol*A4,van der Waals
277,4,kcal/mol*Hz2,dipolar coupling; scalar couplings; T1/T2; CSA
277,5,kcal/mol*ppm2,Chemical shifts; pseudocontact shifts
285,1,isotropic,enumeration_text
285,2,anisotropic,enumeration_text
285,3,solid,enumeration_text
283,1,NOE,Distance constraints determined from NOE experiments
283,2,NOE build-up,Distance constraints determined from a series of NOE experiments with different mixing times
283,3,NOE not seen,Distance constraints supplied when an expected NOE was not observed
283,4,ROE,Distance constraints determined from ROE experiments
283,5,ROE build-up,Distance constraints determine from a series of ROE experiments with different mixing times
283,6,hydrogen bond,Hydrogen bond distance constraints
283,7,disulfide bond,Disulfide bond distance constraints
283,8,paramagnetic relaxation,Distance constraints determined from paramagnetic relaxation studies
283,9,symmetry,Distance constraint enforces symmetry - for example to enforce symmetry between monomers in a multimer
283,10,general distance,Specific distance constraint is not known
284,1,log-harmonic,"Parameters: target_value, target_value_error"
284,2,parabolic,"Parameters: target_value, target_value_error
Formula: E = k(r-target_value)**2"
284,3,square-well-parabolic,"Parameters: upper_limit, lower_limit (optionally: target_value, target_value_error)

Formula:
E = k(r-upper_limit)**\2 for r > upper_limit
E = k(r-lower_limit)**2 for r < lower_limit"
284,4,square-well-parabolic-linear,"Parameters: upper_limit, lower_limit, upper_linear_limit, lower_linear_limit, (optional: target_value, target_value_error)

Formula:
If upper_limit = u, upper_linear_limit = u2, lower_limit = l, lower_linear_limit = l2:
E = 2k(u2-u)(r - (u2+u)/2) for r > u2
E = k(r-u)**2 for u < r < u2
E = k(r-l)**2 for l > r > l2
E = 2k(l2-l)(r - (l2+l)/2) for r < l2"
284,5,upper-bound-parabolic,can be derived from the two-sided versions given above
284,6,lower-bound-parabolic,can be derived from the two-sided versions given above
284,7,upper-bound-parabolic-linear,can be derived from the two-sided versions given above
284,8,lower-bound-parabolic-linear,can be derived from the two-sided versions given above
286,1,averaging method,enumeration_text
286,2,number monomers,enumeration_text
286,3,pseudoatom corrections,enumeration_text
286,4,potential function,enumeration_text
286,5,temperature,enumeration_text
286,6,exponent,enumeration_text
286,7,switch distance,enumeration_text
286,8,asymptote slope,enumeration_text
286,9,B_high,enumeration_text
286,10,ceiling,enumeration_text
286,11,negative offset,enumeration_text
286,12,scaling constant,enumeration_text
287,1,OR,enumeration_text
287,2,AND,enumeration_text
299,1,isotropic,enumeration_text
299,2,anisotropic,enumeration_text
299,3,solid,enumeration_text
196,1,isotropic,enumeration_text
196,2,anisotropic,enumeration_text
196,3,solid,enumeration_text
195,1,isotropic,enumeration_text
195,2,anisotropic,enumeration_text
195,3,solid,enumeration_text
194,1,s,half-time
194,2,s-1,rate
194,3,min,half-time
194,4,min-1,rate
194,5,hr,half-time
194,6,hr-1,rate
199,1,isotropic,enumeration_text
199,2,anisotropic,enumeration_text
199,3,solid,enumeration_text
198,1,peak height,enumeration_text
198,2,peak integral,enumeration_text
198,3,contour count,enumeration_text
198,4,relative intensities,enumeration_text
198,5,na,enumeration_text
204,1,isotropic,enumeration_text
204,2,anisotropic,enumeration_text
204,3,solid,enumeration_text
202,1,Iz,enumeration_text
202,2,Sz,enumeration_text
203,1,s,enumeration_text
203,2,s-1,enumeration_text
203,3,ms,enumeration_text
203,4,ms-1,enumeration_text
213,1,isotropic,enumeration_text
213,2,anisotropic,enumeration_text
213,3,solid,enumeration_text
212,1,s-1,enumeration_text
212,2,ms-1,enumeration_text
212,3,us-1,enumeration_text
210,1,I(+$-),single quantum
210,2,S(+$-),single quantum
211,1,s-1,enumeration_text
211,2,ms-1,enumeration_text
211,3,s,enumeration_text
211,4,ms,enumeration_text
208,1,methanol,enumeration_text
208,2,monoethylene glycol,enumeration_text
208,3,solid,enumeration_text
208,4,KBr adamantane blend,enumeration_text
208,5,Na5[TmDOTP],enumeration_text
208,6,no calibration applied,enumeration_text
209,1,single scan interleaving,enumeration_text
209,2,temperature compensation block,enumeration_text
209,3,no temperature control applied,enumeration_text
219,1,isotropic,enumeration_text
219,2,anisotropic,enumeration_text
219,3,solid,enumeration_text
218,1,s-1,enumeration_text
218,2,ms-1,enumeration_text
218,3,us-1,enumeration_text
216,1,I(+$-),single quantum
216,2,S(+$-),single quantum
217,1,s-1,enumeration_text
217,2,ms-1,enumeration_text
217,3,s,enumeration_text
217,4,ms,enumeration_text
214,1,methanol,enumeration_text
214,2,monoethylene glycol,enumeration_text
214,3,solid,enumeration_text
214,4,KBr adamantane blend,enumeration_text
214,5,Na5[TmDOTP],enumeration_text
214,6,no calibration applied,enumeration_text
215,1,single scan interleaving,enumeration_text
215,2,temperature compensation block,enumeration_text
215,3,single scan interleaving and temperature compensation block,enumeration_text
215,4,no temperature control applied,enumeration_text
305,1,3DNA,enumeration_text
305,2,4D-CHAINS,enumeration_text
305,3,ABACUS,enumeration_text
305,4,ADAPT-NMR,enumeration_text
305,5,AMBER,enumeration_text
305,6,ANALYSIS,CcpNMR Analysis
305,7,AngleSearch,enumeration_text
305,8,ANSIG,enumeration_text
305,9,AQUA,enumeration_text
305,10,ARIA,enumeration_text
305,11,ARIA2,enumeration_text
305,12,ATHNOS-CANDID,enumeration_text
305,13,AURELIA,enumeration_text
305,14,AS-DP,enumeration_text
305,15,ATNOS,enumeration_text
305,16,ATSAS,enumeration_text
305,17,AUREMOL,enumeration_text
305,18,AutoAssign,enumeration_text
305,19,AutoDep,enumeration_text
305,20,AutoStruct,enumeration_text
305,21,AVS,enumeration_text
305,22,AZARA,enumeration_text
305,23,BATMAN,small molecule
305,24,calRW,enumeration_text
305,25,CANDID,enumeration_text
305,26,CARA,enumeration_text
305,27,CATIA,enumeration_text
305,28,CcpNMR,enumeration_text
305,29,CH3Shift,enumeration_text
305,30,Chimera,enumeration_text
305,31,CING,enumeration_text
305,32,CLUSTAL W/X,enumeration_text
305,33,CNS,enumeration_text
305,34,CNSSOLVE,enumeration_text
305,35,CoMD/NMR,enumeration_text
305,36,COMPASS,enumeration_text
305,37,CONNJURST,enumeration_text
305,38,CONNJURWB,enumeration_text
305,39,CORMA,enumeration_text
305,40,CPMG-Fit (Korzhnev),enumeration_text
305,41,CPMGFit (Palmer),enumeration_text
305,42,CSI,enumeration_text
305,43,CS-Rosetta,enumeration_text
305,44,CURVES,enumeration_text
305,45,CYANA,enumeration_text
305,46,DANGLE,enumeration_text
305,47,DIAMOD,enumeration_text
305,48,DISCOVER,enumeration_text
305,49,DYANA,enumeration_text
305,50,DYNAMO,enumeration_text
305,51,FASTModelFree,enumeration_text
305,52,FMCGUI,enumeration_text
305,53,FuDA,enumeration_text
305,54,GARANT,enumeration_text
305,55,Gaussian,enumeration_text
305,56,GIFA,enumeration_text
305,57,GISSMO,small molecule
305,58,GROMACS,enumeration_text
305,59,GROMOS,enumeration_text
305,60,GUARDD,enumeration_text
305,61,HADDOCK,enumeration_text
305,62,HYPER,enumeration_text
305,63,istHMS,enumeration_text
305,64,j-UNIO,enumeration_text
305,65,MAGRO,enumeration_text
305,66,MARDIGRAS,enumeration_text
305,67,MARS,enumeration_text
305,68,MD2NOE,enumeration_text
305,69,Mathematica,enumeration_text
305,70,MATLAB,enumeration_text
305,71,MDAnalysis,enumeration_text
305,72,MddNMR,enumeration_text
305,73,MestReNova,enumeration_text
305,74,MetaboAnalystR,small molecule
305,75,MetScape,small molecule
305,76,ModelFree,enumeration_text
305,77,Molmol,enumeration_text
305,78,MolProbity,enumeration_text
305,79,MORASS,enumeration_text
305,80,MoSART,enumeration_text
305,81,MVAPACK,small molecule
305,82,NAMD,enumeration_text
305,83,NESSY,enumeration_text
305,84,NMRbox,enumeration_text
305,85,NMRDraw,enumeration_text
305,86,NMRest,enumeration_text
305,87,NMRFAM-SPARKY,enumeration_text
305,88,NMRFx,enumeration_text
305,89,NMRFx Analyst,enumeration_text
305,90,NMRFx Processor,enumeration_text
305,91,NMRFx Structure,enumeration_text
305,92,nmrglue,enumeration_text
305,93,NMRPipe,enumeration_text
305,94,NMRspy,enumeration_text
305,95,NMRView,enumeration_text
305,96,NMRViewJ,enumeration_text
305,97,NOAH,enumeration_text
305,98,nus-tool,enumeration_text
305,99,Olivia,enumeration_text
305,100,OPAL,enumeration_text
305,101,OPALp,enumeration_text
305,102,Origin,enumeration_text
305,103,PALES,enumeration_text
305,104,PDBStat,enumeration_text
305,105,PECAN,enumeration_text
305,106,PINE,enumeration_text
305,107,PIPP,enumeration_text
305,108,PISTACHIO,enumeration_text
305,109,PONDEROSA,enumeration_text
305,110,Procheck,enumeration_text
305,111,ProcheckNMR,enumeration_text
305,112,PRONTO,enumeration_text
305,113,PROSA,enumeration_text
305,114,PSVS,enumeration_text
305,115,PyMOL,enumeration_text
305,116,qMDD,enumeration_text
305,117,QUEEN,enumeration_text
305,118,REDCAT,enumeration_text
305,119,REDCRAFT,enumeration_text
305,120,Relax,enumeration_text
305,121,RNAstructure,enumeration_text
305,122,rNMR,small molecule
305,123,RNMRTK,enumeration_text
305,124,Rosetta,enumeration_text
305,125,SANE,enumeration_text
305,126,SCRUB,enumeration_text
305,127,SHIFTS,enumeration_text
305,128,ShiftX,enumeration_text
305,129,ShiftX2,enumeration_text
305,130,SMILE,enumeration_text
305,131,SPARKY,enumeration_text
305,132,SPARTA,enumeration_text
305,133,SPARTA+,enumeration_text
305,134,SPSCAN,enumeration_text
305,135,SYBYL,enumeration_text
305,136,TALOS,enumeration_text
305,137,TALOS+,enumeration_text
305,138,TALOS-N,enumeration_text
305,139,TANSY,enumeration_text
305,140,Tensor,enumeration_text
305,141,TINKER,enumeration_text
305,142,TOPSPIN,enumeration_text
305,143,UNIO,enumeration_text
305,144,UNIO-MATCH,enumeration_text
305,145,UXNMR,enumeration_text
305,146,VMD,enumeration_text
305,147,VMD-Xplor,enumeration_text
305,148,VNMR,enumeration_text
305,149,VNMRj,enumeration_text
305,150,WhatIF,enumeration_text
305,151,XEASY,enumeration_text
305,152,X-PLOR,enumeration_text
305,153,X-PLOR NIH,enumeration_text
305,154,xwinnmr,enumeration_text
305,155,YASARA,enumeration_text
197,1,peak volume,enumeration_text
197,2,peak height,enumeration_text
197,3,contour count,enumeration_text
197,4,na,enumeration_text
184,1,isotropic,enumeration_text
184,2,anisotropic,enumeration_text
184,3,solid,enumeration_text
297,1,isotropic,enumeration_text
297,2,anisotropic,enumeration_text
297,3,solid,enumeration_text
261,1,not observed,enumeration_text
261,2,not well defined,enumeration_text
261,3,low restraint density,enumeration_text
261,4,well defined,enumeration_text
261,5,high restraint density,enumeration_text
118,1,source,enumeration_text
118,2,analyzer,enumeration_text
118,3,detector,enumeration_text
117,1,Alpha Omega Technologies Inc.,enumeration_text
117,2,Agilent,enumeration_text
117,3,Analytica of Branford,enumeration_text
117,4,Bear Instruments,enumeration_text
117,5,Bergmann Messgeraete Entwicklung,enumeration_text
117,6,Bruker Daltonics,enumeration_text
117,7,Ciphergen Biosystems,enumeration_text
117,8,Charles Evans & Associates,enumeration_text
117,9,Comstock Inc.,enumeration_text
117,10,In-Situ,enumeration_text
117,11,Micromass,enumeration_text
117,12,Hitachi Instruments,enumeration_text
117,13,JEOL USA,enumeration_text
117,14,Kore Technology Ltd.,enumeration_text
117,15,Kratos Analytical,enumeration_text
117,16,LECO,enumeration_text
117,17,MKS Instruments,enumeration_text
117,18,PE Biosystems,enumeration_text
117,19,Perkin Elmer,enumeration_text
117,20,Prolab Resources,enumeration_text
117,21,Sensar Larson Davis,enumeration_text
117,22,Shimadzu Scientific Instruments Inc.,enumeration_text
117,23,Thermo Scientific,enumeration_text
116,1,Q-TOF,enumeration_text
116,2,ion TRAP,enumeration_text
116,3,FTMS,enumeration_text
116,4,Quadrupole,enumeration_text
121,1,CID,enumeration_text
121,2,ETD,electron-transfer dissociation
121,3,IRMPD,enumeration_text
119,1,Alpha Omega Technologies Inc.,enumeration_text
119,2,Agilent,enumeration_text
119,3,Analytica of Branford,enumeration_text
119,4,Bear Instruments,enumeration_text
119,5,Bergmann Messgeraete Entwicklung,enumeration_text
119,6,Bruker Daltonics,enumeration_text
119,7,Ciphergen Biosystems,enumeration_text
119,8,Charles Evans & Associates,enumeration_text
119,9,Comstock Inc.,enumeration_text
119,10,In-Situ,enumeration_text
119,11,Micromass,enumeration_text
119,12,Hitachi Instruments,enumeration_text
119,13,JEOL USA,enumeration_text
119,14,Kore Technology Ltd.,enumeration_text
119,15,Kratos Analytical,enumeration_text
119,16,LECO,enumeration_text
119,17,MKS Instruments,enumeration_text
119,18,PE Biosystems,enumeration_text
119,19,Perkin Elmer,enumeration_text
119,20,Prolab Resources,enumeration_text
119,21,Sensar Larson Davis,enumeration_text
119,22,Shimadzu Scientific Instruments Inc.,enumeration_text
119,23,Thermo Scientific,enumeration_text
120,1,Q-TOF,enumeration_text
120,2,ion TRAP,enumeration_text
120,3,FTMS,enumeration_text
120,4,Quadrupole,enumeration_text
40,1,PDB,enumeration_text
262,1,experimental ensemble member,enumeration_text
262,2,representative lowest energy,enumeration_text
262,3,representative closest to the mean,enumeration_text
262,4,representative average minimized,enumeration_text
262,5,representative lowest overall target function,enumeration_text
303,1,mzML,enumeration_text
303,2,mzDAta,enumeration_text
142,1,ion mode,enumeration_text
142,2,flow rate,enumeration_text
142,3,flow rate units,enumeration_text
142,4,collision energy,enumeration_text
142,5,collision energy units,enumeration_text
142,6,fragmentation method,enumeration_text
142,7,ionization method,enumeration_text
142,8,detection method,enumeration_text
142,9,mass range minimum,enumeration_text
142,10,mass range maximum,enumeration_text
142,11,mass reference introduction method,enumeration_text
141,1,single scan,enumeration_text
141,2,composite,enumeration_text
141,3,ramp,enumeration_text
138,1,NMR experiment directory,Contains variety of files for acquiring and processing the NMR experimental data
138,2,Time-domain (raw spectral data),enumeration_text
138,3,Pulse sequence image file,jpeg$ gif$ or other file type that is an image of the pulse sequence as shown as a figure in many publications
138,4,Pulse sequence,enumeration_text
138,5,Pulse field gradient,enumeration_text
138,6,Peak list,enumeration_text
138,7,Spectral image,enumeration_text
138,8,Acquisition parameters,enumeration_text
138,9,Processing parameters,enumeration_text
138,10,na,enumeration_text
137,1,CCPN convention,enumeration_text
130,1,transmission line,enumeration_text
130,2,home built,enumeration_text
130,3,triple resonance,enumeration_text
130,4,double resonance,enumeration_text
130,5,inverse coil,enumeration_text
130,6,solenoid coil,enumeration_text
130,7,saddle coil,enumeration_text
130,8,room temperature,enumeration_text
130,9,cryogenically cooled,enumeration_text
130,10,na,enumeration_text
136,1,cylindrical microcell,enumeration_text
136,2,Shigemi,enumeration_text
136,3,spherical microcell,enumeration_text
136,4,standard cylindrical,enumeration_text
135,1,uL,enumeration_text
135,2,mL,enumeration_text
134,1,NOE,enumeration_text
134,2,COSY,enumeration_text
129,1,1.7 mm,enumeration_text
129,2,3 mm,enumeration_text
129,3,5 mm,enumeration_text
129,4,8 mm,enumeration_text
129,5,10 mm,enumeration_text
129,6,20 mm,enumeration_text
128,1,Agilent,enumeration_text
128,2,Bruker,enumeration_text
128,3,DOTY,enumeration_text
128,4,GE,enumeration_text
128,5,JEOL,enumeration_text
128,6,Varian,enumeration_text
128,7,na,enumeration_text
127,1,400,enumeration_text
127,2,500,enumeration_text
127,3,600,enumeration_text
127,4,700,enumeration_text
127,5,800,enumeration_text
127,6,900,enumeration_text
127,7,90,enumeration_text
127,8,120,enumeration_text
127,9,140,enumeration_text
127,10,200,enumeration_text
127,11,250,enumeration_text
127,12,270,enumeration_text
127,13,300,enumeration_text
127,14,350,enumeration_text
127,15,360,enumeration_text
127,16,450,enumeration_text
127,17,470,enumeration_text
127,18,550,enumeration_text
127,19,590,enumeration_text
127,20,720,enumeration_text
127,21,750,enumeration_text
127,22,850,enumeration_text
127,23,920,enumeration_text
127,24,950,enumeration_text
127,25,1000,enumeration_text
127,26,1100,enumeration_text
127,27,na,not available
125,1,Bruker,enumeration_text
125,2,GE,enumeration_text
125,3,JEOL,enumeration_text
125,4,Varian,enumeration_text
125,5,Agilent,enumeration_text
125,6,Cambridge,enumeration_text
125,7,Oxford,enumeration_text
125,8,FBML,enumeration_text
125,9,Nicolet,enumeration_text
125,10,Home-built,enumeration_text
125,11,na,enumeration_text
126,1,AM,from Bruker
126,2,AMX,from Bruker
126,3,ARX,from Bruker
126,4,AVANCE,from Bruker
126,5,AVANCE III,from Bruker
126,6,AVANCE NEO,from Bruker
126,7,DMX,from Bruker
126,8,DPX,from Bruker
126,9,DRX,from Bruker
126,10,MSL,from Bruker
126,11,ECA,from JEOL
126,12,ECP,from JEOL
126,13,Uniform NMR System,From Varian
126,14,INOVA,from Varian
126,15,Unity,from Varian
126,16,UnityPlus,from Varian
126,17,VXRS,from Varian
126,18,Gemini,from General Electric
126,19,GSX,from General Electric
126,20,GX,from General Electric
126,21,OMEGA,from General Electric
126,22,OMEGA PSG,from General Electric
124,1,400,enumeration_text
124,2,500,enumeration_text
124,3,600,enumeration_text
124,4,700,enumeration_text
124,5,750,enumeration_text
124,6,800,enumeration_text
124,7,850,enumeration_text
124,8,900,enumeration_text
124,9,920,enumeration_text
124,10,950,enumeration_text
124,11,1000,enumeration_text
124,12,1100,enumeration_text
124,13,1200,enumeration_text
122,1,Bruker,enumeration_text
122,2,GE,enumeration_text
122,3,JEOL,enumeration_text
122,4,Varian,enumeration_text
122,5,Agilent,enumeration_text
122,6,Cambridge,enumeration_text
122,7,Oxford,enumeration_text
122,8,FBML,enumeration_text
122,9,Nicolet,enumeration_text
122,10,Home-built,enumeration_text
122,11,na,enumeration_text
123,1,AM,from Bruker
123,2,AMX,from Bruker
123,3,ARX,from Bruker
123,4,Avance,from Bruker
123,5,AVANCE III,from Bruker
123,6,AVANCE NEO,from Bruker
123,7,CMX,from Bruker
123,8,DMX,from Bruker
123,9,DPX,from Bruker
123,10,DRX,from Bruker
123,11,MSL,from Bruker
123,12,ECA,from JEOL
123,13,ECP,from JEOL
123,14,Uniform NMR System,from Varian
123,15,INOVA,from Varian
123,16,Unity,from Varian
123,17,UnityPlus,from Varian
123,18,VXRS,from Varian
123,19,Gemini,from General Electric
123,20,GSX,from General Electric
123,21,GX,from General Electric
123,22,OMEGA,from General Electric
123,23,OMEGA PSG,from General Electric
249,1,Rex,enumeration_text
249,2,S2,enumeration_text
249,3,S2$ te,enumeration_text
249,4,S2$ Rex,enumeration_text
249,5,S2$ te$ Rex,enumeration_text
249,6,S2f$ S2$ ts,enumeration_text
249,7,S2f$ S2s$ ts,enumeration_text
249,8,S2f$ tf$ S2$ ts,enumeration_text
249,9,S2f$ tf$ S2s$ ts,enumeration_text
249,10,S2f$ S2$ ts$ Rex,enumeration_text
249,11,S2f$ S2s$ ts$ Rex,enumeration_text
249,12,S2f$ tf$ S2$ ts$ Rex,enumeration_text
249,13,S2f$ tf$ S2s$ ts$ Rex,enumeration_text
248,1,isotropic,enumeration_text
248,2,anisotropic,enumeration_text
248,3,solid,enumeration_text
247,1,s-1,enumeration_text
247,2,ms-1,enumeration_text
247,3,us-1,enumeration_text
244,1,s,enumeration_text
244,2,ms,enumeration_text
244,3,us,enumeration_text
244,4,ns,enumeration_text
244,5,ps,enumeration_text
245,1,s,enumeration_text
245,2,ms,enumeration_text
245,3,us,enumeration_text
245,4,ns,enumeration_text
245,5,ps,enumeration_text
246,1,s,enumeration_text
246,2,ms,enumeration_text
246,3,us,enumeration_text
246,4,ns,enumeration_text
246,5,ps,enumeration_text
302,1,isotropic,enumeration_text
302,2,anisotropic,enumeration_text
302,3,solid,enumeration_text
192,1,isotropic,enumeration_text
192,2,anisotropic,enumeration_text
192,3,solid,enumeration_text
178,1,s,singlet
178,2,d,doublet
178,3,dd,doublet of doublets
178,4,dt,doublet of triplets
178,5,t,triplet
178,6,m,multiple
181,1,s,singlet
181,2,d,doublet
181,3,dd,doublet of doublets
181,4,dt,doublet of triplets
181,5,t,triplet
181,6,m,multiple
180,1,d,doublet
180,2,dd,doublet of doublets
180,3,ddd,doublet of doublets of doublets
180,4,dm,doublet of multiplets
180,5,dt,doublet of triplets
180,6,hxt,hextet
180,7,hpt,heptet
180,8,m,multiplet
180,9,q,quartet
180,10,qd,quartet of doublets
180,11,qn,quintet
180,12,s,singlet
180,13,sxt,sextet
180,14,t,triplet
180,15,td,triplet of doublets
180,16,LR,long-range coupling
180,17,1JCH,one J carbon-proton couplings
179,1,absolute height,enumeration_text
179,2,height,enumeration_text
179,3,relative height,enumeration_text
179,4,volume,enumeration_text
179,5,number of contours,enumeration_text
179,6,integration,enumeration_text
252,1,chemical shift,enumeration_text
252,2,coupling constant,enumeration_text
252,3,peak height,enumeration_text
252,4,peak volume,enumeration_text
251,1,isotropic,enumeration_text
251,2,anisotropic,enumeration_text
251,3,solid,enumeration_text
250,1,chemical shift,enumeration_text
250,2,coupling constant,enumeration_text
250,3,peak height,enumeration_text
250,4,peak volume,enumeration_text
296,1,isotropic,enumeration_text
296,2,anisotropic,enumeration_text
296,3,solid,enumeration_text
295,1,RDC,enumeration_text
294,1,log-harmonic,"Parameters: target_value, target_value_error"
294,2,parabolic,"Parameters: target_value, target_value_error
Formula: E = k(r-target_value)**2"
294,3,square-well-parabolic,"Parameters: upper_limit, lower_limit (optionally: target_value, target_value_error)
Formula:
E = k(r-upper_limit)**\2 for r > upper_limit
E = k(r-lower_limit)**2 for r < lower_limit"
294,4,square-well-parabolic-linear,"Parameters: upper_limit, lower_limit, upper_linear_limit, lower_linear_limit, (optional: target_value, target_value_error)
Formula:
If upper_limit = u, upper_linear_limit = u2, lower_limit = l, lower_linear_limit = l2:
E = 2k(u2-u)(r - (u2+u)/2) for r > u2
E = k(r-u)**2 for u < r < u2
E = k(r-l)**2 for l > r > l2
E = 2k(l2-l)(r - (l2+l)/2) for r < l2"
294,5,upper-bound-parabolic,can be derived from the two-sided versions given above
294,6,lower-bound-parabolic,can be derived from the two-sided versions given above
294,7,upper-bound-parabolic-linear,can be derived from the two-sided versions given above
294,8,lower-bound-parabolic-linear,can be derived from the two-sided versions given above
189,1,isotropic,enumeration_text
189,2,anisotropic,enumeration_text
189,3,solid,enumeration_text
48,1,abstract,enumeration_text
48,2,book,enumeration_text
48,3,journal,enumeration_text
48,4,thesis,enumeration_text
39,1,BMRB,BioMagResBank
39,2,BMRB(withdrawn),enumeration_text
39,3,PDB,Protein Databank
39,4,TargetDB,Target registration database
39,5,EMDB,Electron Microscopy Volume Data Bank
39,6,BMCD,Biological Macromolecule Crystallization Database
39,7,GB,GenBank
39,8,DBJ,DNA Data Bank of Japan
39,9,EMBL,European Molecular Biology Laboratory
39,10,NCBI,enumeration_text
39,11,PIR,Protein Information Resource
39,12,REF,NCBI Reference Sequence
39,13,SGD,Saccharomyces Genome Database
39,14,SP,UniProtKB/Swiss-Prot
37,1,NMR-STAR,enumeration_text
37,2,XML,enumeration_text
38,1,original,First release of the data to the public.
38,2,na,not available
38,3,update,Additional releases of the entry that involve changes in the reported quantitative data$ dictionary changes$ or other revisions that represent non-trivial changes in the entry.
38,4,revision,not used now as it is redundant with update aa all revisions are updates
38,5,reformat,reformatted for new format specification
265,1,distance geometry,enumeration_text
265,2,DGSA-distance geometry simulated annealing,enumeration_text
265,3,simulated annealing,enumeration_text
265,4,molecular dynamics,enumeration_text
265,5,matrix relaxation,enumeration_text
265,6,torsion angle dynamics,enumeration_text
265,7,na,enumeration_text
264,1,experimental,Derived directly from experimental data
264,2,derived experimentally,Derived from conformers that fit experimental data
264,3,theoretical,The coordinates represent a theoretical chemical system. They may be derived from an experimental coordinate set$ but have been constructed for use in carrying out theoretical calculations or for other purposes that have specific requirements that necessitate the use of non-standard atoms or other conditions.
108,1,M,Molar
108,2,mM,millimolar
108,3,uM,micromolar
108,4,nM,nanomolar
108,5,%,percent
108,6,v/v,volume to volume
108,7,w/v,weight to volume percent
108,8,mg,milligram
108,9,ug,microgram
108,10,mg/mL,mg per milliliter
108,11,g/L,grams per liter
108,12,pM,picomolar
108,13,w/w,enumeration_text
108,14,% v/v,enumeration_text
108,15,% w/v,enumeration_text
108,16,% w/w,enumeration_text
108,17,mg/L,enumeration_text
108,18,mg/uL,enumeration_text
108,19,ug/mL,enumeration_text
108,20,ug/uL,enumeration_text
108,21,mL,enumeration_text
108,22,uL,enumeration_text
108,23,A260,enumeration_text
108,24,eq,enumeration_text
108,25,ratio,enumeration_text
108,26,saturated,enumeration_text
108,27,tablet/100mL,enumeration_text
108,28,na,enumeration_text
107,1,natural abundance,enumeration_text
107,2,[U-100% 15N],enumeration_text
107,3,[U-99% 15N],Uniformly labeled with 15N at a level of 99 percent
107,4,[U-98% 15N],enumeration_text
107,5,[U-95% 15N],enumeration_text
107,6,[U-90% 15N],enumeration_text
107,7,[U-15N],Uniformly labeled with 15N at an unknown percentage
107,8,[U-100% 13C],enumeration_text
107,9,[U-95% 13C],enumeration_text
107,10,[U-10% 13C],Uniformly labeled with 13C at a level of 10 percent
107,11,[U-13C],Uniformly labeled with 13C at an unknown percentage
107,12,[U-100% 13C; U-100% 15N],enumeration_text
107,13,[U-99% 13C; U-99% 15N],Uniformly labeled with 13C at 99 percent and 15N at 99 percent
107,14,[U-98% 13C; U-98% 15N],enumeration_text
107,15,[U-95% 13C; U-95% 15N],enumeration_text
107,16,[U-95% 13C; U-90% 15N],enumeration_text
107,17,[U-10% 13C; U-100% 15N],enumeration_text
107,18,[U-10% 13C; U-99% 15N],enumeration_text
107,19,[U-13C; U-15N],Uniformly labeled with 13C and 15N at unknown percentages
107,20,[U-100% 13C; U-100% 15N; U-80% 2H],enumeration_text
107,21,"[U-13C; U-15N; U-2H; 99% 1HD-Ile,Leu; 99% 1HG-Val]",Uniformly labeled with 13C and 15N and 2H with ILV methyls 1H labeled
107,22,[U-13C; U-15N; U-2H],Uniformly labeled with 13C$ 15N$ and 2H at unknown percentages
107,23,[U-100% 2H],enumeration_text
107,24,[U-99% 2H],enumeration_text
107,25,[U-2H],enumeration_text
107,26,[U-13C; U-15N]-Ade,All adenine nucleotides labeled fully with both 13C and 15N
107,27,[U-13C; U-15N]-Cyt,All cytosine nucleotides labeled fully with both 13C and 15N
107,28,[U-13C; U-15N]-Gua,All guanine nucleotides labeled fully with both 13C and 15N
107,29,[U-13C; U-15N]-Ura,All uracil nucleotides labeled fully with both 13C and 15N
107,30,[U-15N]-Leu,Uniformly labeled 15N Leu residues
107,31,[95% 13CA]-Trp,All Trp residues labeled 95 percent with 13C in the CA position
106,1,D2O,enumeration_text
106,2,DSS,enumeration_text
106,3,DTT,enumeration_text
106,4,H2O,enumeration_text
106,5,PMSF,enumeration_text
106,6,potassium chloride,enumeration_text
106,7,potassium phosphate,enumeration_text
106,8,sodium azide,enumeration_text
106,9,sodium chloride,enumeration_text
106,10,sodium phosphate,enumeration_text
106,11,TRIS,enumeration_text
106,12,TSP,enumeration_text
106,13,acetic acid,enumeration_text
106,14,AEBSF protease inhibitor,enumeration_text
106,15,ammonium acetate,enumeration_text
106,16,ammonium citrate,enumeration_text
106,17,ammonium sulfate,enumeration_text
106,18,APMSF,enumeration_text
106,19,ascorbate,enumeration_text
106,20,beta-mercaptoethanol,enumeration_text
106,21,cacodylate,enumeration_text
106,22,CHAPS,enumeration_text
106,23,chloroform,enumeration_text
106,24,DHPC,enumeration_text
106,25,DMPC,enumeration_text
106,26,DMPG,enumeration_text
106,27,DMSO,enumeration_text
106,28,DPC,enumeration_text
106,29,EDTA,enumeration_text
106,30,ethanol,enumeration_text
106,31,formate,enumeration_text
106,32,glycerol,enumeration_text
106,33,glycine,enumeration_text
106,34,HEPES,enumeration_text
106,35,imidazole,enumeration_text
106,36,MES,enumeration_text
106,37,methanol,enumeration_text
106,38,pefabloc,enumeration_text
106,39,Pf1 phage,enumeration_text
106,40,PIPES,enumeration_text
106,41,potassium cyanide,enumeration_text
106,42,SDS,enumeration_text
106,43,sodium acetate,enumeration_text
106,44,sodium dithionite,enumeration_text
106,45,sodium sulfate,enumeration_text
106,46,succinic acid,enumeration_text
106,47,t-butanol,enumeration_text
106,48,TCEP,enumeration_text
106,49,TES,enumeration_text
106,50,TFA,enumeration_text
106,51,TFE,enumeration_text
106,52,urea,enumeration_text
109,1,pH,Glass electrode pH meter reading for solution in water. No unit is required.
109,2,pH*,Uncorrected pH meter reading for solution in D2O. No unit is required.
109,3,pD,Reading for a D2O solution measured with a glass electrode filled with D2O. No unit is required.
109,4,temperature,Preferred unit is Kelvin (K)
109,5,pressure,Preferred unit is bar (10^5 Pa)
109,6,ionic strength,I = 1/2 of the summation of C(i) times Z(i)^2$ where the summation is taken over all of the different ions (i) in a solution$ multiplying the molarity C(i) by the square of the charge Z(i). Preferred unit is M (mol/l)
109,7,viscosity,"dynamic viscosity is Pa.s which equals (kg) x (m^-1) x (s^-1)
1 poise (P) is (g) x (cm^-1) x (s^-1)
1 centipoise (cP) is 10^-3 kg.m^-1.s^-1
kinematic viscosity is m^2/s or (m^2) x (s^-1)"
109,8,dielectric constant,Pure water at 298 K has a dielectric constant of 78.54. No unit is required.
109,9,temperature controller setting,For solid-state experiments$ this is the temperature setting on the NMR spectrometer control unit.
110,1,Pa,Pascal$ 1 Pa = 1 N m^-2
110,2,bar,bar$ 1 bar = 10^5 Pa
110,3,atm,atmosphere$ 1 atm = 1.01325 * 10^5 Pa$ atm is not a SI unit
110,4,mmHg,millimetres of mercury$ 1 mmHg = 133.3224 Pa$ mmHg is not a SI unit
110,5,Torr,Torricelli$ 1 Torr = 133.322 Pa$ Torr is not a SI unit
110,6,mbar,millibar
110,7,K,Kelvin
110,8,C,"Celsius
1 degree Celcius equals 1 K but is always 273.150 lower.
E.g. 25.000 C equals 298.150 K."
110,9,pH,unit of pH
110,10,M,Molar$ concentration unit for ionic strength
110,11,mM,milimolar$ concentration unit for ionic strength
110,12,P,Poise
110,13,cP,Centipoise
110,14,m^2/s,kinematic viscosity
110,15,Pa.s,dynamic viscosity
110,16,Not defined,Used for variables that do not have units like dielectric constant.
110,17,hPa,hecto Pascal
110,18,pD,enumeration_text
110,19,pH*,enumeration_text
110,20,%,enumeration_text
110,21,s,second
105,1,90% H2O/10% D2O,enumeration_text
105,2,93% H2O/7% D2O,enumeration_text
105,3,95% H2O/5% D2O,enumeration_text
105,4,50% H2O/50% D2O,enumeration_text
105,5,100% D2O,enumeration_text
105,6,acetone,enumeration_text
105,7,chloroform,enumeration_text
105,8,DMSO,enumeration_text
105,9,ethanol/water,enumeration_text
105,10,methanol,enumeration_text
105,11,trifluoroacetic acid,enumeration_text
105,12,trifluoroethanol/water,enumeration_text
104,1,solution,enumeration_text
104,2,solid,enumeration_text
104,3,bicelle,enumeration_text
104,4,emulsion,enumeration_text
104,5,fiber,solid-state fiber sample
104,6,filamentous virus,enumeration_text
104,7,gel solution,gel samples used for solution NMR
104,8,gel solid,gel samples used for solid-state NMR
104,9,liposome,enumeration_text
104,10,membrane,enumeration_text
104,11,micelle,enumeration_text
104,12,nano-disc,enumeration_text
104,13,lyophilized powder,Solid-state lyophilized powder sample
104,14,oriented membrane film,Solid-state glass plate with a membrane film
104,15,fibrous protein,Solid-state fibrous protein
104,16,polycrystalline powder,Solid-state micro crystal powder
104,17,reverse micelle,enumeration_text
104,18,single crystal,enumeration_text
104,19,microcrystalline,enumeration_text
104,20,liquid crystal,enumeration_text
104,21,in-cell,enumeration_text
144,1,ml,enumeration_text
32,1,not applicable,enumeration_text
32,2,Accelerated Technologies Center for Gene to 3D Structure,enumeration_text
32,3,Assembly$ Dynamics and Evolution of Cell-Cell and Cell-Matrix Adhesions,enumeration_text
32,4,Atoms-to-Animals: The Immune Function Network,enumeration_text
32,5,Architecture and Function of Biological Macromolecules Structure Genomics,ASG
32,6,Bacterial targets at IGS-CNRS$ France,enumeration_text
32,7,Berkeley Structural Genomics Center,BSGC
32,8,Center for Eukaryotic Structural Genomics,CESG
32,9,Center for High-Throughput Structural Biology,enumeration_text
32,10,Center for Membrane Proteins of Infectious Diseases,enumeration_text
32,11,Center for Structural Genomics of Infectious Diseases,enumeration_text
32,12,Center for Structures of Membrane Proteins,enumeration_text
32,13,Center for the X-ray Structure Determination of Human Transporters,enumeration_text
32,14,Chaperone-Enabled Studies of Epigenetic Regulation Enzymes,enumeration_text
32,15,Enzyme Discovery for Natural Product Biosynthesis,enumeration_text
32,16,GPCR Network,enumeration_text
32,17,Integrated Center for Structure and Function Innovation,enumeration_text
32,18,Israel Structural Proteomics Center,enumeration_text
32,19,Joint Center for Structural Genomics,JCSG
32,20,Marseilles Structural Genomics Program @ AFMB,enumeration_text
32,21,Medical Structural Genomics of Pathogenic Protozoa,enumeration_text
32,22,Membrane Protein Structural Biology Consortium,enumeration_text
32,23,Membrane Protein Structures by Solution NMR,enumeration_text
32,24,Midwest Center for Structural Genomics,MCSG
32,25,Mitochondrial Protein Partnership,enumeration_text
32,26,Montreal-Kingston Bacterial Structural Genomics Initiative,enumeration_text
32,27,Mycobacterium Tuberculosis Structural Proteomics Project,enumeration_text
32,28,New York Consortium on Membrane Protein Structure,enumeration_text
32,29,New York SGX Research Center for Structural Genomics,enumeration_text
32,30,New York Structural Genomics Research Consortium,NYSGRC
32,31,New York Structural GenomiX Research Consortium,enumeration_text
32,32,Northeast Structural Genomics Consortium,NESGC
32,33,North West Structural Genomics Centre,NWSGC
32,34,Nucleocytoplasmic Transport: a Target for Cellular Control,enumeration_text
32,35,Ontario Centre for Structural Proteomics,enumeration_text
32,36,Oxford Protein Production Facility,enumeration_text
32,37,Paris-Sud Yeast Structural Genomics,enumeration_text
32,38,Partnership for Stem Cell Biology,enumeration_text
32,39,Partnership for T-Cell Biology,enumeration_text
32,40,Program for the Characterization of Secreted Effector Proteins,enumeration_text
32,41,Protein Structure Factory,PSF
32,42,RIKEN Structural Genomics/Proteomics Initiative,enumeration_text
32,43,Scottish Structural Proteomics Facility,enumeration_text
32,44,Seattle Structural Genomics Center for Infectious Disease,enumeration_text
32,45,Southeast Collaboratory for Structural Genomics,SECSG
32,46,Structural Genomics Consortium,enumeration_text
32,47,Structural Genomics Consortium for Research on Gene Expression,enumeration_text
32,48,Structural Genomics of Pathogenic Protozoa Consortium,SGPPC
32,49,Structural Proteomics in Europe,enumeration_text
32,50,Structural Proteomics in Europe 2,enumeration_text
32,51,Structure 2 Function Project,enumeration_text
32,52,"Structure, Dynamics and Activation Mechanisms of Chemokine Receptors",enumeration_text
32,53,Structure-Function Studies of Tight Junction Membrane Proteins,enumeration_text
32,54,Structures of Mtb Proteins Conferring Susceptibility to Known Mtb Inhibitors,enumeration_text
32,55,TB Structural Genomics Consortium,TBSGC
32,56,Transcontinental EM Initiative for Membrane Protein Structure,enumeration_text
32,57,Transmembrane Protein Center,enumeration_text
32,58,Yeast Structural Genomics,YSG
32,59,"Bijvoet Centre, Utrecht",enumeration_text
32,60,Brazilian Sincrotron Light Laboratory,enumeration_text
32,61,Center for Experimental Therapeutics and Pharmacoinformatics,enumeration_text
32,62,FAPESP,enumeration_text
32,63,Functional and Structural Proteomics of the SARS Coronavirus,enumeration_text
32,64,Hefei National Laboratory for Physical Sciences at Microscale,enumeration_text
32,65,Institute of Genetics and Molecular and Cellular Biology-CNRS France,enumeration_text
32,66,"Institute of Zoology, Beijing",enumeration_text
32,67,IRB Barcelona,enumeration_text
32,68,Magnetic Resonance Center,enumeration_text
32,69,Membrane Protein Structures by NMR,enumeration_text
32,70,Nanoworld Institute,enumeration_text
32,71,"Protein Research Group, RIKEN Genomic Sciences Center",enumeration_text
32,72,State Key Laboratory of Magnetic Resonance and Atomic and Molecular Physics,enumeration_text
32,73,Structural Molecular Biology Network,enumeration_text
32,74,University of Calcutta CU,enumeration_text
32,75,University of Georgia,enumeration_text
33,1,BIGS,enumeration_text
33,2,BSGC,enumeration_text
33,3,CESG,enumeration_text
33,4,ISPC,enumeration_text
33,5,JCSG,enumeration_text
33,6,MSGP,enumeration_text
33,7,MCSG,enumeration_text
33,8,BSGI,enumeration_text
33,9,XMTB,enumeration_text
33,10,NYSGRC,enumeration_text
33,11,NESG,enumeration_text
33,12,OPPF,enumeration_text
33,13,YSG,enumeration_text
33,14,PSF,enumeration_text
33,15,RSGI,enumeration_text
33,16,SECSG,enumeration_text
33,17,SGC,enumeration_text
33,18,SGPP,enumeration_text
33,19,SPINE,enumeration_text
33,20,S2F,enumeration_text
33,21,TBSGC,enumeration_text
33,22,RIKEN GSC,enumeration_text
33,23,CU,enumeration_text
31,1,not applicable,enumeration_text
31,2,Enzyme Function Initiative,enumeration_text
31,3,PSI:Biology,enumeration_text
31,4,PSI$ Protein Structure Initiative,enumeration_text
31,5,NPPSFA$ National Project on Protein Structural and Functional Analyses,enumeration_text
31,6,SPINE,enumeration_text
31,7,SPINE2,enumeration_text
31,8,Protein 3000,enumeration_text
31,9,SSGCID,enumeration_text
31,10,NIAID,enumeration_text
31,11,SMolBNet,enumeration_text
31,12,Other,enumeration_text
304,1,3DNA,enumeration_text
304,2,4D-CHAINS,enumeration_text
304,3,ABACUS,enumeration_text
304,4,ADAPT-NMR,enumeration_text
304,5,AMBER,enumeration_text
304,6,ANALYSIS,CcpNMR Analysis
304,7,AngleSearch,enumeration_text
304,8,ANSIG,enumeration_text
304,9,AQUA,enumeration_text
304,10,ARIA,enumeration_text
304,11,ARIA2,enumeration_text
304,12,ATHNOS-CANDID,enumeration_text
304,13,AURELIA,enumeration_text
304,14,AS-DP,enumeration_text
304,15,ATNOS,enumeration_text
304,16,ATSAS,enumeration_text
304,17,AUREMOL,enumeration_text
304,18,AutoAssign,enumeration_text
304,19,AutoDep,enumeration_text
304,20,AutoStruct,enumeration_text
304,21,AVS,enumeration_text
304,22,AZARA,enumeration_text
304,23,BATMAN,small molecule
304,24,calRW,enumeration_text
304,25,CANDID,enumeration_text
304,26,CARA,enumeration_text
304,27,CATIA,enumeration_text
304,28,CcpNMR,enumeration_text
304,29,CH3Shift,enumeration_text
304,30,Chimera,enumeration_text
304,31,CING,enumeration_text
304,32,CLUSTAL W/X,enumeration_text
304,33,CNS,enumeration_text
304,34,CNSSOLVE,enumeration_text
304,35,CoMD/NMR,enumeration_text
304,36,COMPASS,enumeration_text
304,37,CONNJURST,enumeration_text
304,38,CONNJURWB,enumeration_text
304,39,CORMA,enumeration_text
304,40,CPMG-Fit (Korzhnev),enumeration_text
304,41,CPMGFit (Palmer),enumeration_text
304,42,CSI,enumeration_text
304,43,CS-Rosetta,enumeration_text
304,44,CURVES,enumeration_text
304,45,CYANA,enumeration_text
304,46,DANGLE,enumeration_text
304,47,DIAMOD,enumeration_text
304,48,DISCOVER,enumeration_text
304,49,DYANA,enumeration_text
304,50,DYNAMO,enumeration_text
304,51,FASTModelFree,enumeration_text
304,52,FMCGUI,enumeration_text
304,53,FuDA,enumeration_text
304,54,GARANT,enumeration_text
304,55,Gaussian,enumeration_text
304,56,GIFA,enumeration_text
304,57,GISSMO,small molecule
304,58,GROMACS,enumeration_text
304,59,GROMOS,enumeration_text
304,60,GUARDD,enumeration_text
304,61,HADDOCK,enumeration_text
304,62,HYPER,enumeration_text
304,63,istHMS,enumeration_text
304,64,j-UNIO,enumeration_text
304,65,MAGRO,enumeration_text
304,66,MARDIGRAS,enumeration_text
304,67,MARS,enumeration_text
304,68,MD2NOE,enumeration_text
304,69,Mathematica,enumeration_text
304,70,MATLAB,enumeration_text
304,71,MDAnalysis,enumeration_text
304,72,MddNMR,enumeration_text
304,73,MestReNova,enumeration_text
304,74,MetaboAnalystR,small molecule
304,75,MetScape,small molecule
304,76,ModelFree,enumeration_text
304,77,Molmol,enumeration_text
304,78,MolProbity,enumeration_text
304,79,MORASS,enumeration_text
304,80,MoSART,enumeration_text
304,81,MVAPACK,small molecule
304,82,NAMD,enumeration_text
304,83,NESSY,enumeration_text
304,84,NMRbox,enumeration_text
304,85,NMRDraw,enumeration_text
304,86,NMRest,enumeration_text
304,87,NMRFAM-SPARKY,enumeration_text
304,88,NMRFx,enumeration_text
304,89,NMRFx Analyst,enumeration_text
304,90,NMRFx Processor,enumeration_text
304,91,NMRFx Structure,enumeration_text
304,92,nmrglue,enumeration_text
304,93,NMRPipe,enumeration_text
304,94,NMRspy,enumeration_text
304,95,NMRView,enumeration_text
304,96,NMRViewJ,enumeration_text
304,97,NOAH,enumeration_text
304,98,nus-tool,enumeration_text
304,99,Olivia,enumeration_text
304,100,OPAL,enumeration_text
304,101,OPALp,enumeration_text
304,102,Origin,enumeration_text
304,103,PALES,enumeration_text
304,104,PDBStat,enumeration_text
304,105,PECAN,enumeration_text
304,106,PINE,enumeration_text
304,107,PIPP,enumeration_text
304,108,PISTACHIO,enumeration_text
304,109,PONDEROSA,enumeration_text
304,110,Procheck,enumeration_text
304,111,ProcheckNMR,enumeration_text
304,112,PRONTO,enumeration_text
304,113,PROSA,enumeration_text
304,114,PSVS,enumeration_text
304,115,PyMOL,enumeration_text
304,116,qMDD,enumeration_text
304,117,QUEEN,enumeration_text
304,118,REDCAT,enumeration_text
304,119,REDCRAFT,enumeration_text
304,120,Relax,enumeration_text
304,121,RNAstructure,enumeration_text
304,122,rNMR,small molecule
304,123,RNMRTK,enumeration_text
304,124,Rosetta,enumeration_text
304,125,SANE,enumeration_text
304,126,SCRUB,enumeration_text
304,127,SHIFTS,enumeration_text
304,128,ShiftX,enumeration_text
304,129,ShiftX2,enumeration_text
304,130,SMILE,enumeration_text
304,131,SPARKY,enumeration_text
304,132,SPARTA,enumeration_text
304,133,SPARTA+,enumeration_text
304,134,SPSCAN,enumeration_text
304,135,SYBYL,enumeration_text
304,136,TALOS,enumeration_text
304,137,TALOS+,enumeration_text
304,138,TALOS-N,enumeration_text
304,139,TANSY,enumeration_text
304,140,Tensor,enumeration_text
304,141,TINKER,enumeration_text
304,142,TOPSPIN,enumeration_text
304,143,UNIO,enumeration_text
304,144,UNIO-MATCH,enumeration_text
304,145,UXNMR,enumeration_text
304,146,VMD,enumeration_text
304,147,VMD-Xplor,enumeration_text
304,148,VNMR,enumeration_text
304,149,VNMRj,enumeration_text
304,150,WhatIF,enumeration_text
304,151,XEASY,enumeration_text
304,152,X-PLOR,enumeration_text
304,153,X-PLOR NIH,enumeration_text
304,154,xwinnmr,enumeration_text
304,155,YASARA,enumeration_text
113,1,3DNA,enumeration_text
113,2,4D-CHAINS,enumeration_text
113,3,ABACUS,enumeration_text
113,4,ADAPT-NMR,enumeration_text
113,5,AMBER,enumeration_text
113,6,ANALYSIS,CcpNMR Analysis
113,7,AngleSearch,enumeration_text
113,8,ANSIG,enumeration_text
113,9,AQUA,enumeration_text
113,10,ARIA,enumeration_text
113,11,ARIA2,enumeration_text
113,12,ATHNOS-CANDID,enumeration_text
113,13,AURELIA,enumeration_text
113,14,AS-DP,enumeration_text
113,15,ATNOS,enumeration_text
113,16,ATSAS,enumeration_text
113,17,AUREMOL,enumeration_text
113,18,AutoAssign,enumeration_text
113,19,AutoDep,enumeration_text
113,20,AutoStruct,enumeration_text
113,21,AVS,enumeration_text
113,22,AZARA,enumeration_text
113,23,BATMAN,small molecule
113,24,calRW,enumeration_text
113,25,CANDID,enumeration_text
113,26,CARA,enumeration_text
113,27,CATIA,enumeration_text
113,28,CcpNMR,enumeration_text
113,29,CH3Shift,enumeration_text
113,30,Chimera,enumeration_text
113,31,CING,enumeration_text
113,32,CLUSTAL W/X,enumeration_text
113,33,CNS,enumeration_text
113,34,CNSSOLVE,enumeration_text
113,35,CoMD/NMR,enumeration_text
113,36,COMPASS,enumeration_text
113,37,CONNJURST,enumeration_text
113,38,CONNJURWB,enumeration_text
113,39,CORMA,enumeration_text
113,40,CPMG-Fit (Korzhnev),enumeration_text
113,41,CPMGFit (Palmer),enumeration_text
113,42,CSI,enumeration_text
113,43,CS-Rosetta,enumeration_text
113,44,CURVES,enumeration_text
113,45,CYANA,enumeration_text
113,46,DANGLE,enumeration_text
113,47,DIAMOD,enumeration_text
113,48,DISCOVER,enumeration_text
113,49,DYANA,enumeration_text
113,50,DYNAMO,enumeration_text
113,51,FASTModelFree,enumeration_text
113,52,FMCGUI,enumeration_text
113,53,FuDA,enumeration_text
113,54,GARANT,enumeration_text
113,55,Gaussian,enumeration_text
113,56,GIFA,enumeration_text
113,57,GISSMO,small molecule
113,58,GROMACS,enumeration_text
113,59,GROMOS,enumeration_text
113,60,GUARDD,enumeration_text
113,61,HADDOCK,enumeration_text
113,62,HYPER,enumeration_text
113,63,istHMS,enumeration_text
113,64,j-UNIO,enumeration_text
113,65,MAGRO,enumeration_text
113,66,MARDIGRAS,enumeration_text
113,67,MARS,enumeration_text
113,68,MD2NOE,enumeration_text
113,69,Mathematica,enumeration_text
113,70,MATLAB,enumeration_text
113,71,MDAnalysis,enumeration_text
113,72,MddNMR,enumeration_text
113,73,MestReNova,enumeration_text
113,74,MetaboAnalystR,small molecule
113,75,MetScape,small molecule
113,76,ModelFree,enumeration_text
113,77,Molmol,enumeration_text
113,78,MolProbity,enumeration_text
113,79,MORASS,enumeration_text
113,80,MoSART,enumeration_text
113,81,MVAPACK,small molecule
113,82,NAMD,enumeration_text
113,83,NESSY,enumeration_text
113,84,NMRbox,enumeration_text
113,85,NMRDraw,enumeration_text
113,86,NMRest,enumeration_text
113,87,NMRFAM-SPARKY,enumeration_text
113,88,NMRFx,enumeration_text
113,89,NMRFx Analyst,enumeration_text
113,90,NMRFx Processor,enumeration_text
113,91,NMRFx Structure,enumeration_text
113,92,nmrglue,enumeration_text
113,93,NMRPipe,enumeration_text
113,94,NMRspy,enumeration_text
113,95,NMRView,enumeration_text
113,96,NMRViewJ,enumeration_text
113,97,NOAH,enumeration_text
113,98,nus-tool,enumeration_text
113,99,Olivia,enumeration_text
113,100,OPAL,enumeration_text
113,101,OPALp,enumeration_text
113,102,Origin,enumeration_text
113,103,PALES,enumeration_text
113,104,PDBStat,enumeration_text
113,105,PECAN,enumeration_text
113,106,PINE,enumeration_text
113,107,PIPP,enumeration_text
113,108,PISTACHIO,enumeration_text
113,109,PONDEROSA,enumeration_text
113,110,Procheck,enumeration_text
113,111,ProcheckNMR,enumeration_text
113,112,PRONTO,enumeration_text
113,113,PROSA,enumeration_text
113,114,PSVS,enumeration_text
113,115,PyMOL,enumeration_text
113,116,qMDD,enumeration_text
113,117,QUEEN,enumeration_text
113,118,REDCAT,enumeration_text
113,119,REDCRAFT,enumeration_text
113,120,Relax,enumeration_text
113,121,RNAstructure,enumeration_text
113,122,rNMR,small molecule
113,123,RNMRTK,enumeration_text
113,124,Rosetta,enumeration_text
113,125,SANE,enumeration_text
113,126,SCRUB,enumeration_text
113,127,SHIFTS,enumeration_text
113,128,ShiftX,enumeration_text
113,129,ShiftX2,enumeration_text
113,130,SMILE,enumeration_text
113,131,SPARKY,enumeration_text
113,132,SPARTA,enumeration_text
113,133,SPARTA+,enumeration_text
113,134,SPSCAN,enumeration_text
113,135,SYBYL,enumeration_text
113,136,TALOS,enumeration_text
113,137,TALOS+,enumeration_text
113,138,TALOS-N,enumeration_text
113,139,TANSY,enumeration_text
113,140,Tensor,enumeration_text
113,141,TINKER,enumeration_text
113,142,TOPSPIN,enumeration_text
113,143,UNIO,enumeration_text
113,144,UNIO-MATCH,enumeration_text
113,145,UXNMR,enumeration_text
113,146,VMD,enumeration_text
113,147,VMD-Xplor,enumeration_text
113,148,VNMR,enumeration_text
113,149,VNMRj,enumeration_text
113,150,WhatIF,enumeration_text
113,151,XEASY,enumeration_text
113,152,X-PLOR,enumeration_text
113,153,X-PLOR NIH,enumeration_text
113,154,xwinnmr,enumeration_text
113,155,YASARA,enumeration_text
111,1,3DNA,enumeration_text
111,2,4D-CHAINS,enumeration_text
111,3,ABACUS,enumeration_text
111,4,ADAPT-NMR,enumeration_text
111,5,AMBER,enumeration_text
111,6,ANALYSIS,CcpNMR Analysis
111,7,AngleSearch,enumeration_text
111,8,ANSIG,enumeration_text
111,9,AQUA,enumeration_text
111,10,ARIA,enumeration_text
111,11,ARIA2,enumeration_text
111,12,ATHNOS-CANDID,enumeration_text
111,13,AURELIA,enumeration_text
111,14,AS-DP,enumeration_text
111,15,ATNOS,enumeration_text
111,16,ATSAS,enumeration_text
111,17,AUREMOL,enumeration_text
111,18,AutoAssign,enumeration_text
111,19,AutoDep,enumeration_text
111,20,AutoStruct,enumeration_text
111,21,AVS,enumeration_text
111,22,AZARA,enumeration_text
111,23,BATMAN,small molecule
111,24,calRW,enumeration_text
111,25,CANDID,enumeration_text
111,26,CARA,enumeration_text
111,27,CATIA,enumeration_text
111,28,CcpNMR,enumeration_text
111,29,CH3Shift,enumeration_text
111,30,Chimera,enumeration_text
111,31,CING,enumeration_text
111,32,CLUSTAL W/X,enumeration_text
111,33,CNS,enumeration_text
111,34,CNSSOLVE,enumeration_text
111,35,CoMD/NMR,enumeration_text
111,36,COMPASS,enumeration_text
111,37,CONNJURST,enumeration_text
111,38,CONNJURWB,enumeration_text
111,39,CORMA,enumeration_text
111,40,CPMG-Fit (Korzhnev),enumeration_text
111,41,CPMGFit (Palmer),enumeration_text
111,42,CSI,enumeration_text
111,43,CS-Rosetta,enumeration_text
111,44,CURVES,enumeration_text
111,45,CYANA,enumeration_text
111,46,DANGLE,enumeration_text
111,47,DIAMOD,enumeration_text
111,48,DISCOVER,enumeration_text
111,49,DYANA,enumeration_text
111,50,DYNAMO,enumeration_text
111,51,FASTModelFree,enumeration_text
111,52,FMCGUI,enumeration_text
111,53,FuDA,enumeration_text
111,54,GARANT,enumeration_text
111,55,Gaussian,enumeration_text
111,56,GIFA,enumeration_text
111,57,GISSMO,small molecule
111,58,GROMACS,enumeration_text
111,59,GROMOS,enumeration_text
111,60,GUARDD,enumeration_text
111,61,HADDOCK,enumeration_text
111,62,HYPER,enumeration_text
111,63,istHMS,enumeration_text
111,64,j-UNIO,enumeration_text
111,65,MAGRO,enumeration_text
111,66,MARDIGRAS,enumeration_text
111,67,MARS,enumeration_text
111,68,MD2NOE,enumeration_text
111,69,Mathematica,enumeration_text
111,70,MATLAB,enumeration_text
111,71,MDAnalysis,enumeration_text
111,72,MddNMR,enumeration_text
111,73,MestReNova,enumeration_text
111,74,MetaboAnalystR,small molecule
111,75,MetScape,small molecule
111,76,ModelFree,enumeration_text
111,77,Molmol,enumeration_text
111,78,MolProbity,enumeration_text
111,79,MORASS,enumeration_text
111,80,MoSART,enumeration_text
111,81,MVAPACK,small molecule
111,82,NAMD,enumeration_text
111,83,NESSY,enumeration_text
111,84,NMRbox,enumeration_text
111,85,NMRDraw,enumeration_text
111,86,NMRest,enumeration_text
111,87,NMRFAM-SPARKY,enumeration_text
111,88,NMRFx,enumeration_text
111,89,NMRFx Analyst,enumeration_text
111,90,NMRFx Processor,enumeration_text
111,91,NMRFx Structure,enumeration_text
111,92,nmrglue,enumeration_text
111,93,NMRPipe,enumeration_text
111,94,NMRspy,enumeration_text
111,95,NMRView,enumeration_text
111,96,NMRViewJ,enumeration_text
111,97,NOAH,enumeration_text
111,98,nus-tool,enumeration_text
111,99,Olivia,enumeration_text
111,100,OPAL,enumeration_text
111,101,OPALp,enumeration_text
111,102,Origin,enumeration_text
111,103,PALES,enumeration_text
111,104,PDBStat,enumeration_text
111,105,PECAN,enumeration_text
111,106,PINE,enumeration_text
111,107,PIPP,enumeration_text
111,108,PISTACHIO,enumeration_text
111,109,PONDEROSA,enumeration_text
111,110,Procheck,enumeration_text
111,111,ProcheckNMR,enumeration_text
111,112,PRONTO,enumeration_text
111,113,PROSA,enumeration_text
111,114,PSVS,enumeration_text
111,115,PyMOL,enumeration_text
111,116,qMDD,enumeration_text
111,117,QUEEN,enumeration_text
111,118,REDCAT,enumeration_text
111,119,REDCRAFT,enumeration_text
111,120,Relax,enumeration_text
111,121,RNAstructure,enumeration_text
111,122,rNMR,small molecule
111,123,RNMRTK,enumeration_text
111,124,Rosetta,enumeration_text
111,125,SANE,enumeration_text
111,126,SCRUB,enumeration_text
111,127,SHIFTS,enumeration_text
111,128,ShiftX,enumeration_text
111,129,ShiftX2,enumeration_text
111,130,SMILE,enumeration_text
111,131,SPARKY,enumeration_text
111,132,SPARTA,enumeration_text
111,133,SPARTA+,enumeration_text
111,134,SPSCAN,enumeration_text
111,135,SYBYL,enumeration_text
111,136,TALOS,enumeration_text
111,137,TALOS+,enumeration_text
111,138,TALOS-N,enumeration_text
111,139,TANSY,enumeration_text
111,140,Tensor,enumeration_text
111,141,TINKER,enumeration_text
111,142,TOPSPIN,enumeration_text
111,143,UNIO,enumeration_text
111,144,UNIO-MATCH,enumeration_text
111,145,UXNMR,enumeration_text
111,146,VMD,enumeration_text
111,147,VMD-Xplor,enumeration_text
111,148,VNMR,enumeration_text
111,149,VNMRj,enumeration_text
111,150,WhatIF,enumeration_text
111,151,XEASY,enumeration_text
111,152,X-PLOR,enumeration_text
111,153,X-PLOR NIH,enumeration_text
111,154,xwinnmr,enumeration_text
111,155,YASARA,enumeration_text
112,1,NUS schedule generator,enumeration_text
112,2,structure calculation,enumeration_text
112,3,test lex,enumeration_text
139,1,spectrometer carrier frequency,enumeration_text
139,2,spectrometer offset frequency,enumeration_text
139,3,acquisition time,enumeration_text
139,4,mixing time,enumeration_text
139,5,spectral width,enumeration_text
139,6,spectral folding,enumeration_text
139,7,data point number,enumeration_text
139,8,data point type,enumeration_text
139,9,data point spacing,enumeration_text
191,1,isotropic,enumeration_text
191,2,anisotropic,enumeration_text
191,3,solid,enumeration_text
177,1,onebond,Any transfer that connects only directly bonded atoms in this experiment
177,2,jcoupling,Transfer via direct J coupling over one or more bonds
177,3,jmultibond,Transfer via direct J coupling over multiple bonds
177,4,relayed,"Transfer via multiple successive J coupling steps (TOCSY, relay)"
177,5,relayed-alternate,"Relayed transfer, where peaks from an odd resp. even number of transfer steps have opposite sign"
177,6,through-space,"Any transfer that does not go through the covalent bonded skeleton (NOESY, ROESY, ... but also J coupling through hydrogen bonds)"
176,1,Hz,Hertz
176,2,ppm,parts per million
175,1,aliased,enumeration_text
175,2,folded,enumeration_text
175,3,not observed,enumeration_text
173,1,H_H[C].through-space,enumeration_text
174,1,13C-NOESY-HSQC,enumeration_text
140,1,Exponential factor,enumeration_text
140,2,Gaussian factor,enumeration_text
140,3,Zero filling,enumeration_text
140,4,Lnear prediction,enumeration_text
140,5,Processed real points,enumeration_text
140,6,Submatrix block size,enumeration_text
140,7,Full spectrum width points,enumeration_text
140,8,Spectrum offset,enumeration_text
140,9,Data type,enumeration_text
182,1,absolute height,enumeration_text
182,2,height,enumeration_text
182,3,relative height,enumeration_text
182,4,volume,enumeration_text
182,5,number of contours,enumeration_text
183,1,identity,enumeration_text
183,2,sequential,enumeration_text
183,3,basepair,enumeration_text
183,4,covalent,enumeration_text
183,5,hbond,enumeration_text
183,6,saltbridge,enumeration_text
183,7,dative,enumeration_text
7,1,Structure analysis,enumeration_text
7,2,Mutant comparison,enumeration_text
7,3,Interactions with different ligands,enumeration_text
7,4,Chemical shift mapping,enumeration_text
7,5,NMR signal assignment,enumeration_text
7,6,Protein-protein interaction,enumeration_text
7,7,Protein-ligand interaction,enumeration_text
7,8,Structural and dynamics analysis,enumeration_text
7,9,Stoichiometry problems,enumeration_text
7,10,Dynamics analysis,enumeration_text
7,11,pH titration,enumeration_text
163,1,amide protons,enumeration_text
163,2,amide nitrogens,enumeration_text
163,3,all nitrogen bonded protons,enumeration_text
163,4,all nitrogens,enumeration_text
163,5,all 1H,enumeration_text
163,6,all 13C,enumeration_text
163,7,all 15N,enumeration_text
163,8,all 19F,enumeration_text
163,9,all 31P,enumeration_text
163,10,backbone CA,enumeration_text
163,11,backbone CB,enumeration_text
163,12,na,enumeration_text
162,1,TROSY offset,enumeration_text
162,2,2H isotope effect,enumeration_text
162,3,13C isotope effect,enumeration_text
162,4,15N isotope effect,enumeration_text
162,5,SAIL isotope labeling,enumeration_text
162,6,spectrometer error,enumeration_text
162,7,na,enumeration_text
115,1,collection,enumeration_text
115,2,chemical shift assignment,enumeration_text
115,3,chemical shift calculation,enumeration_text
115,4,data analysis,enumeration_text
115,5,geometry optimization,enumeration_text
115,6,peak picking,enumeration_text
115,7,processing,enumeration_text
115,8,refinement,enumeration_text
115,9,structure solution,enumeration_text
282,1,s-1,enumeration_text
281,1,sphere,enumeration_text
281,2,spheroid,enumeration_text
281,3,oblate spheroid,enumeration_text
281,4,prolate spheroid,enumeration_text
281,5,ellipsoid,enumeration_text
280,1,diffusion,enumeration_text
280,2,CS,enumeration_text
280,3,shielding,enumeration_text
280,4,alignment,enumeration_text
235,1,isotropic,enumeration_text
235,2,anisotropic,enumeration_text
235,3,solid,enumeration_text
231,1,R1,enumeration_text
231,2,R2,enumeration_text
231,3,R1rho,enumeration_text
231,4,ZQ relaxation,enumeration_text
231,5,longitudinal spin order,enumeration_text
231,6,single quantum antiphase,enumeration_text
231,7,DQ relaxation,enumeration_text
232,1,Iz,R1    longitudinal
232,2,Sz,R1    longitudinal
232,3,(I+)+(I-),R1rho or R2      transverse
232,4,(S+)+(S-),R1rho or R2      transverse
232,5,I+,R1rho or R2      transverse
232,6,I-,R1rho or R2      transverse
232,7,S+,R1rho or R2      transverse
232,8,S-,R1rho or R2      transverse
232,9,(I+S-)+(I-S+),ZQ relaxation
232,10,I-S+,ZQ relaxation
232,11,I+S-,ZQ relaxation
232,12,IzSz,longitudinal spin order
232,13,((I+)+(I-))Sz,single quantum antiphase
232,14,Iz((S+)+(S-)),single quantum antiphase
232,15,I+Sz,single quantum antiphase
232,16,I-Sz,single quantum antiphase
232,17,IzS+,single quantum antiphase
232,18,IzS-,single quantum antiphase
232,19,(I+S+)+(I-S-),DQ relaxation
232,20,I+S+,DQ relaxation
232,21,I-S-,DQ relaxation
233,1,s-1,enumeration_text
233,2,ms-1,enumeration_text
233,3,us-1,enumeration_text
233,4,ns-1,enumeration_text
233,5,ps-1,enumeration_text
234,1,s-1,enumeration_text
234,2,ms-1,enumeration_text
234,3,us-1,enumeration_text
172,1,isotropic,enumeration_text
172,2,anisotropic,enumeration_text
172,3,solid,enumeration_text
171,1,400,enumeration_text
171,2,500,enumeration_text
171,3,600,enumeration_text
171,4,700,enumeration_text
171,5,750,enumeration_text
171,6,800,enumeration_text
171,7,850,enumeration_text
171,8,900,enumeration_text
171,9,920,enumeration_text
171,10,950,enumeration_text
171,11,1000,enumeration_text
171,12,1100,enumeration_text
241,1,isotropic,enumeration_text
241,2,anisotropic,enumeration_text
241,3,solid,enumeration_text
240,1,s-1,enumeration_text
240,2,ms-1,enumeration_text
240,3,us-1,enumeration_text
201,1,isotropic,enumeration_text
201,2,anisotropic,enumeration_text
201,3,solid,enumeration_text
200,1,peak height,enumeration_text
200,2,peak integral,enumeration_text
200,3,contour count,enumeration_text
200,4,relative intensities,enumeration_text
200,5,na,enumeration_text
207,1,isotropic,enumeration_text
207,2,anisotropic,enumeration_text
207,3,solid,enumeration_text
205,1,Iz,zero quantum$ longitudinal
205,2,Sz,zero quantum$ longitudinal
206,1,s,enumeration_text
206,2,s-1,enumeration_text
206,3,ms,enumeration_text
206,4,ms-1,enumeration_text
223,1,isotropic,enumeration_text
223,2,anisotropic,enumeration_text
223,3,solid,enumeration_text
222,1,s-1,enumeration_text
222,2,ms-1,enumeration_text
222,3,us-1,enumeration_text
220,1,I(+$-),enumeration_text
220,2,S(+$-),enumeration_text
221,1,s-1,enumeration_text
221,2,ms-1,enumeration_text
221,3,s,enumeration_text
221,4,ms,enumeration_text
292,1,J-couplings,enumeration_text
292,2,backbone chemical shifts,enumeration_text
291,1,log-harmonic,"Parameters: target_value, target_value_error"
291,2,parabolic,"Parameters: target_value, target_value_error
Formula: E = k(r-target_value)**2"
291,3,square-well-parabolic,"Parameters: upper_limit, lower_limit (optionally: target_value, target_value_error)
Formula:
E = k(r-upper_limit)**\2 for r > upper_limit
E = k(r-lower_limit)**2 for r < lower_limit"
291,4,square-well-parabolic-linear,"Parameters: upper_limit, lower_limit, upper_linear_limit, lower_linear_limit, (optional: target_value, target_value_error)
Formula:
If upper_limit = u, upper_linear_limit = u2, lower_limit = l, lower_linear_limit = l2:
E = 2k(u2-u)(r - (u2+u)/2) for r > u2
E = k(r-u)**2 for u < r < u2
E = k(r-l)**2 for l > r > l2
E = 2k(l2-l)(r - (l2+l)/2) for r < l2"
291,5,upper-bound-parabolic,can be derived from the two-sided versions given above
291,6,lower-bound-parabolic,can be derived from the two-sided versions given above
291,7,upper-bound-parabolic-linear,can be derived from the two-sided versions given above
291,8,lower-bound-parabolic-linear,can be derived from the two-sided versions given above
293,1,isotropic,enumeration_text
293,2,anisotropic,enumeration_text
293,3,solid,enumeration_text
4,1,.,enumeration_text
5,1,chem_shift_reference,enumeration_text
5,2,assigned_chemical_shifts,enumeration_text
5,3,coupling_constants,enumeration_text
5,4,theoretical_coupling_constants,enumeration_text
5,5,spectral_peak_list,enumeration_text
5,6,chem_shift_isotope_effect,enumeration_text
5,7,chem_shift_perturbation,enumeration_text
5,8,chem_shift_anisotropy,enumeration_text
5,9,theoretical_chem_shifts,enumeration_text
5,10,RDCs,enumeration_text
5,11,dipolar_couplings,enumeration_text
5,12,spectral_density_values,enumeration_text
5,13,other_data_types,enumeration_text
5,14,chemical_rates,enumeration_text
5,15,H_exch_rates,enumeration_text
5,16,H_exch_protection_factors,enumeration_text
5,17,homonucl_NOEs,enumeration_text
5,18,heteronucl_NOEs,enumeration_text
5,19,theoretical_heteronucl_NOEs,enumeration_text
5,20,heteronucl_T1_relaxation,enumeration_text
5,21,theoretical_heteronucl_T1_relaxation,enumeration_text
5,22,heteronucl_T1rho_relaxation,enumeration_text
5,23,heteronucl_T2_relaxation,enumeration_text
5,24,theoretical_heteronucl_T2_relaxation,enumeration_text
5,25,auto_relaxation,enumeration_text
5,26,theoretical_auto_relaxation,enumeration_text
5,27,dipole_dipole_relaxation,enumeration_text
5,28,dipole_dipole_cross_correlations,enumeration_text
5,29,theoretical_dipole_dipole_cross_correlation,enumeration_text
5,30,dipole_CSA_cross_correlations,enumeration_text
5,31,order_parameters,enumeration_text
5,32,pH_titration,enumeration_text
5,33,pH_param_list,enumeration_text
5,34,D_H_fractionation_factors,enumeration_text
5,35,binding_data,enumeration_text
5,36,binding_param_list,enumeration_text
5,37,angular_order_parameters,enumeration_text
5,38,secondary_structs,enumeration_text
5,39,bond_annotation,enumeration_text
5,40,structure_interactions,enumeration_text
5,41,other_struct_features,enumeration_text
5,42,tensor,enumeration_text
5,43,interatomic_distance,enumeration_text
6,1,NMR-STAR 3.2,enumeration_text
6,2,NMR-STAR 3.1,enumeration_text
6,3,NMR-STAR 2.1,enumeration_text
114,1,(ACME) - Delaglio$ Zhengrong and Bax,enumeration_text
114,2,(AMBER) - Case$ Darden$ Cheatham$ III$ Simmerling$ Wang$ Duke$ Luo$ ... and Kollman,enumeration_text
114,3,(ANSIG) - Kraulis,enumeration_text
114,4,(Analysis) - CCPN,enumeration_text
114,5,(AQUA) - Rullmann$ Doreleijers and Kaptein,enumeration_text
114,6,(ARIA) - Linge$ O'Donoghue and Nilges,enumeration_text
114,7,(AURELIA) - Neidig$ Geyer$ Gorler$ Antz$ Saffrich$ Beneicke$ Kalbitzer,enumeration_text
114,8,(AUREMOL) - Bruker Biospin,enumeration_text
114,9,(AutoAssign) - Zimmerman$ Moseley$ Kulikowski and Montelione,enumeration_text
114,10,(AutoStruct) - Huang$ Tejero$ Powers and Montelione,enumeration_text
114,11,(AVS) - Moseley and Montelione,enumeration_text
114,12,(AZARA) - Boucher,enumeration_text
114,13,(CANDID) - Herrmann$ Guntert and Wuthrich,enumeration_text
114,14,(CAPP) - Garrett,enumeration_text
114,15,(CARA) - Keller and Wuthrich,enumeration_text
114,16,(CcpNMR) - CCPN,enumeration_text
114,17,(CNS) - Brunger$ Adams$ Clore$ Gros$ Nilges and Read,enumeration_text
114,18,(CS-Rosetta) - Shen$ Vernon$ Baker and Bax,enumeration_text
114,19,(CYANA) -  Guntert$ Mumenthaler and Wuthrich,enumeration_text
114,20,(DGII) - Accelrys Software Inc.,enumeration_text
114,21,(DIANA) - Guntert$ Braun and Wuthrich,enumeration_text
114,22,(DISCOVER) - Accelrys Software Inc.,enumeration_text
114,23,(DSPACE) - Hare,enumeration_text
114,24,(DYANA) - Guntert$ Braun and Wuthrich,enumeration_text
114,25,(DYNAMO) - Delaglio and Kuszewski,enumeration_text
114,26,(EMBOSS - Rice$ Longden and Bleasby,enumeration_text
114,27,(FANTOM) - Braun,enumeration_text
114,28,(Felix) - Accelrys Software Inc.,enumeration_text
114,29,(GARANT) - Bartels$ Guntert$ Billeter and Wuthrich,enumeration_text
114,30,(Gaussian) - Gaussian$ Inc.,enumeration_text
114,31,(GIFA) - Delsuc,enumeration_text
114,32,(GROMOS) - van Gunsteren and Berendsen,enumeration_text
114,33,(HADDOCK) - Alexandre Bonvin,enumeration_text
114,34,(HYPER) - Tejero$ Monleon$ Celda$ Powers and Montelione,enumeration_text
114,35,(InsightII) -  Accelrys Software Inc.,enumeration_text
114,36,(ModelFree) - Palmer,enumeration_text
114,37,(Molmol) - Koradi$ Billeter and Wuthrich,enumeration_text
114,38,(MOLPROBITY) - Richardson,enumeration_text
114,39,(MORASS) - Luxon,enumeration_text
114,40,(NDEE) - Roesch and Herrmann,enumeration_text
114,41,(NMRbox) - UConn Health Center,enumeration_text
114,42,(NMRDraw) - Delaglio$ Grzesiek$ Vuister$ Zhu$ Pfeifer and Bax,enumeration_text
114,43,(NMRPipe) - Delaglio$ Grzesiek$ Vuister$ Zhu$ Pfeifer and Bax,enumeration_text
114,44,(NMRView) - Johnson$ One Moon Scientific,enumeration_text
114,45,(NUTS) - Acorn NMR Inc.,enumeration_text
114,46,(OPAL) - Luginbuhl$ Guntert$ Billeter and Wuthrich,enumeration_text
114,47,(PECAN) - Eghbalnia$ Wang$ Bahrami$ Assadi$ and Markley,enumeration_text
114,48,(PINE) - Bahrami$ Markley$ Assadi$ and Eghbalnia,enumeration_text
114,49,(PIPP) - Garrett,enumeration_text
114,50,(PISTACHIO) - Eghbalnia$ Bahrami$ Wang$ Assadi and Markley,enumeration_text
114,51,(Procheck) - Laskowski$ MacArthur$ Smith$ Jones$ Hutchinson$ Morris$ Moss and Thornton,enumeration_text
114,52,(ProcheckNMR) - Laskowski and MacArthur,enumeration_text
114,53,(P-ROI) - Kohda,enumeration_text
114,54,(PRONTO) - Kjur$ Andersen and Poulsen,enumeration_text
114,55,(PROSA) - Guntert,enumeration_text
114,56,(PSVS) - Bhattacharya and Montelione,enumeration_text
114,57,(QUEEN) - Nabuurs$ Spronk$ Krieger$ Maassen$ Vriend and Vuister,enumeration_text
114,58,(RESCUE) - Pons and Delsuc,enumeration_text
114,59,(SANE) - Duggan$ Legge$ Dyson & Wright,enumeration_text
114,60,(SPARKY) - Goddard,enumeration_text
114,61,(SPARTA) - Shen and Bax,enumeration_text
114,62,(SPARTA+) - Shen and Bax,enumeration_text
114,63,(SPSCAN) - Glaser,enumeration_text
114,64,(STAPP) - Garrett,enumeration_text
114,65,(Surflex-Dock) - Tripos,enumeration_text
114,66,(SYBYL) - Tripos,enumeration_text
114,67,(TALOS) - Cornilescu$ Delaglio and Bax,enumeration_text
114,68,(TINKER) - Ponder,enumeration_text
114,69,(TOPSPIN) - Bruker Biospin,enumeration_text
114,70,(TRIAD) - Tripos,enumeration_text
114,71,(TRIPOS) - Tripos,enumeration_text
114,72,(UXNMR) - Bruker Biospin,enumeration_text
114,73,(VNMR) - Varian,enumeration_text
114,74,(WhatIF) - Vriend,enumeration_text
114,75,(Wattos) - Doreleijers,enumeration_text
114,76,(XEASY) - Bartels et al.,enumeration_text
114,77,(X-PLOR) - Brunger,enumeration_text
114,78,(X-PLOR NIH) - Schwieters$ Kuszewski$ Tjandra and Clore,enumeration_text
114,79,(xwinnmr) - Bruker Biospin,enumeration_text
TBL_END,?,?,?
